step,month,day,hour,kwh_total,kwh_cooling,kwh_heating,kwh_fans,kwh_lights,kw_demand,base_cool_sp,base_heat_sp,mean_temp,mean_pmv,pmv_in_band,occupied,policy_reason
0,7,1,0.25,5.860441165579356,2.4635715851196776,0.0,0.17754520075072397,0.26813901328740164,23.441764662317425,26.7,15.6,26.589,0.3319,1.0,0,"baseline: scheduled setpoints, no override"
1,7,1,0.5,5.76934315140657,2.3724065819366844,0.0,0.17754520075072397,0.26813901328740164,23.07737260562628,26.7,15.6,26.799,0.3728,0.8,0,"baseline: scheduled setpoints, no override"
2,7,1,0.75,8.212219108820719,4.6286310059135145,0.0,0.3641967341880429,0.26813901328740164,32.848876435282875,26.7,15.6,26.55,0.3302,1.0,0,"baseline: scheduled setpoints, no override"
3,7,1,1.0,8.251489019337596,4.667900916430389,0.0,0.3641967341880429,0.26813901328740164,33.00595607735038,26.7,15.6,26.354,0.2907,0.8667,0,"baseline: scheduled setpoints, no override"
4,7,1,1.25,5.711169686308938,2.314233116839052,0.0,0.17754520075072397,0.26813901328740164,22.84467874523575,26.7,15.6,26.492,0.3107,1.0,0,"baseline: scheduled setpoints, no override"
5,7,1,1.5,5.7615166590917575,2.3645800896218714,0.0,0.17754520075072397,0.26813901328740164,23.04606663636703,26.7,15.6,26.695,0.3495,0.8,0,"baseline: scheduled setpoints, no override"
6,7,1,1.75,8.193498176111609,4.609910073204404,0.0,0.3641967341880429,0.26813901328740164,32.773992704446435,26.7,15.6,26.465,0.3101,1.0,0,"baseline: scheduled setpoints, no override"
7,7,1,2.0,8.362457872925507,4.778869770018303,0.0,0.3641967341880429,0.26813901328740164,33.44983149170203,26.7,15.6,26.273,0.2721,0.9333,0,"baseline: scheduled setpoints, no override"
8,7,1,2.25,5.761817715270095,2.36488114580021,0.0,0.17754520075072397,0.26813901328740164,23.04727086108038,26.7,15.6,26.421,0.2944,1.0,0,"baseline: scheduled setpoints, no override"
9,7,1,2.5,5.883386459428009,2.4864498899581227,0.0,0.17754520075072397,0.26813901328740164,23.533545837712037,26.7,15.6,26.62,0.3336,0.9333,0,"baseline: scheduled setpoints, no override"
10,7,1,2.75,8.462244308397336,4.878656205490132,0.0,0.3641967341880429,0.26813901328740164,33.848977233589345,26.7,15.6,26.401,0.2968,1.0,0,"baseline: scheduled setpoints, no override"
11,7,1,3.0,8.738830139083744,5.155242036176538,0.0,0.3641967341880429,0.26813901328740164,34.955320556334975,26.7,15.6,26.208,0.2593,0.9333,0,"baseline: scheduled setpoints, no override"
12,7,1,3.25,5.866468523168727,2.469531953698841,0.0,0.17754520075072397,0.26813901328740164,23.46587409267491,26.7,15.6,26.36,0.2836,1.0,0,"baseline: scheduled setpoints, no override"
13,7,1,3.5,5.955309483094404,2.5583729136245186,0.0,0.17754520075072397,0.26813901328740164,23.821237932377617,26.7,15.6,26.562,0.3249,0.9333,0,"baseline: scheduled setpoints, no override"
14,7,1,3.75,8.46887151227233,4.885283409365125,0.0,0.3641967341880429,0.26813901328740164,33.87548604908932,26.7,15.6,26.353,0.2908,1.0,0,"baseline: scheduled setpoints, no override"
15,7,1,4.0,8.643226653377269,5.059638550470063,0.0,0.3641967341880429,0.26813901328740164,34.572906613509076,26.7,15.6,26.161,0.2545,0.9333,0,"baseline: scheduled setpoints, no override"
16,7,1,4.25,3.2193913687191618,0.0,0.0,0.0,0.26813901328740164,12.877565474876647,26.7,15.6,26.583,0.3293,0.8667,0,"baseline: scheduled setpoints, no override"
17,7,1,4.5,5.759761622620108,2.362825053150222,0.0,0.17754520075072397,0.26813901328740164,23.03904649048043,26.7,15.6,26.718,0.3638,0.9333,0,"baseline: scheduled setpoints, no override"
18,7,1,4.75,8.352484183991828,4.749391184247243,0.0,0.38370163102542554,0.26813901328740164,33.409936735967314,26.7,15.6,26.421,0.313,0.8667,0,"baseline: scheduled setpoints, no override"
19,7,1,5.0,8.275844396747992,4.692256293840786,0.0,0.3641967341880429,0.26813901328740164,33.10337758699197,26.7,15.6,26.114,0.2489,1.0,0,"baseline: scheduled setpoints, no override"
20,7,1,5.25,7.03753834761264,2.3787993983982396,0.0,0.15804030391334134,0.26813901328740164,28.15015339045056,26.7,15.6,26.281,0.2744,1.0,0,"baseline: scheduled setpoints, no override"
21,7,1,5.5,4.602516648856424,0.0,0.0,0.0,0.3699570168427677,18.410066595425697,26.7,15.6,26.773,0.368,0.8667,0,"baseline: scheduled setpoints, no override"
22,7,1,5.75,5.736204662500091,2.294062961668717,0.0,0.17754520075072397,0.3411296602480513,22.944818650000364,26.7,15.6,26.89,0.4157,0.7333,0,"baseline: scheduled setpoints, no override"
23,7,1,6.0,8.30343091160245,4.685720841533024,0.0,0.38370163102542554,0.3105507216937709,33.2137236464098,26.7,15.6,26.63,0.3846,0.7333,0,"baseline: scheduled setpoints, no override"
24,7,1,6.25,8.619775293571738,5.034333506577871,0.0,0.3641967341880429,0.297797009120921,34.47910117428695,26.7,15.6,26.361,0.3415,0.8667,0,"baseline: scheduled setpoints, no override"
25,7,1,6.5,8.774371900771927,5.220700415243632,0.0,0.33558550466406534,0.2946419708780312,35.09748760308771,26.7,15.6,26.328,0.3398,0.8,0,"baseline: scheduled setpoints, no override"
26,7,1,6.75,4.926870170206351,1.533894005436519,0.0,0.17754520075072397,0.2919879518112549,19.707480680825405,26.7,15.6,26.71,0.4149,0.6667,0,"baseline: scheduled setpoints, no override"
27,7,1,7.0,8.315458001995463,4.728394408411191,0.0,0.3725624306509959,0.2910589900304618,33.26183200798185,26.7,15.6,26.647,0.4172,0.7333,1,"baseline: scheduled setpoints, no override"
28,7,1,7.25,8.514212510262382,4.757969706158836,0.0,0.5417419349387669,0.2910589900304618,34.05685004104953,26.7,15.6,26.299,0.3575,0.8,1,"baseline: scheduled setpoints, no override"
29,7,1,7.5,5.017239323993582,1.625193254078078,0.0,0.17754520075072397,0.2910589900304618,20.06895729597433,26.7,15.6,26.722,0.4376,0.6667,1,"baseline: scheduled setpoints, no override"
30,7,1,7.75,6.97450649389191,3.3636436980798496,0.0,0.3963619266472816,0.2910589900304618,27.89802597556764,26.7,15.6,26.775,0.4678,0.6,1,"baseline: scheduled setpoints, no override"
31,7,1,8.0,8.90501314278891,5.120070283286597,0.0,0.5704419903375305,0.2910589900304618,35.62005257115564,26.7,15.6,26.426,0.4164,0.7333,1,"baseline: scheduled setpoints, no override"
32,7,1,8.25,5.118324171305362,1.7262781013898578,0.0,0.17754520075072397,0.2910589900304618,20.47329668522145,26.7,15.6,26.934,0.5125,0.5333,1,"baseline: scheduled setpoints, no override"
33,7,1,8.5,7.286069753621932,3.641156730459394,0.0,0.4304121539977575,0.2910589900304618,29.14427901448773,26.7,15.6,26.931,0.5369,0.4667,1,"baseline: scheduled setpoints, no override"
34,7,1,8.75,9.191330927358267,5.366486060059155,0.0,0.6103439981343308,0.2910589900304618,36.76532370943307,26.7,15.6,26.493,0.4652,0.5333,1,"baseline: scheduled setpoints, no override"
35,7,1,9.0,5.1731237750363945,1.7810777051208904,0.0,0.17754520075072397,0.2910589900304618,20.692495100145578,26.7,15.6,27.061,0.5643,0.3333,1,"baseline: scheduled setpoints, no override"
36,7,1,9.25,7.4899239096954995,3.823820599769663,0.0,0.45160244076105516,0.2910589900304618,29.959695638781998,26.7,15.6,27.028,0.5785,0.4,1,"baseline: scheduled setpoints, no override"
37,7,1,9.5,9.50879344220628,5.65972157046111,0.0,0.6345710025803877,0.2910589900304618,38.03517376882512,26.7,15.6,26.558,0.4983,0.4,1,"baseline: scheduled setpoints, no override"
38,7,1,9.75,5.270567302097622,1.8738669406280366,0.0,0.18219949230480575,0.2910589900304618,21.08226920839049,26.7,15.6,27.157,0.6013,0.3333,1,"baseline: scheduled setpoints, no override"
39,7,1,10.0,7.712527739310848,4.027574531567465,0.0,0.4704523385786015,0.2910589900304618,30.85011095724339,26.7,15.6,27.106,0.6122,0.4,1,"baseline: scheduled setpoints, no override"
40,7,1,10.25,9.887326589709513,6.010309286237683,0.0,0.6625164343070495,0.2910589900304618,39.54930635883805,26.7,15.6,26.594,0.522,0.4,1,"baseline: scheduled setpoints, no override"
41,7,1,10.5,5.358993834754355,1.9550494319134168,0.0,0.18944353367615832,0.2910589900304618,21.43597533901742,26.7,15.6,27.208,0.6233,0.3333,1,"baseline: scheduled setpoints, no override"
42,7,1,10.75,7.79828897107269,4.106837385773063,0.0,0.4769507161348476,0.2910589900304618,31.19315588429076,26.7,15.6,27.141,0.6266,0.4,1,"baseline: scheduled setpoints, no override"
43,7,1,11.0,10.13888492069977,6.24062091629474,0.0,0.6837631352402473,0.2910589900304618,40.55553968279908,26.7,15.6,26.618,0.5293,0.4,1,"baseline: scheduled setpoints, no override"
44,7,1,11.25,5.432177163280588,2.026428941774372,0.0,0.191247352341437,0.2910589900304618,21.728708653122354,26.7,15.6,27.221,0.6239,0.3333,1,"baseline: scheduled setpoints, no override"
45,7,1,11.5,7.834361615811162,4.142897539614703,0.0,0.4769632070316782,0.2910589900304618,31.33744646324465,26.7,15.6,27.145,0.6234,0.4,1,"baseline: scheduled setpoints, no override"
46,7,1,11.75,10.434608679439231,6.505119765366146,0.0,0.7149880449083028,0.2910589900304618,41.738434717756924,26.7,15.6,26.624,0.5252,0.4,1,"baseline: scheduled setpoints, no override"
47,7,1,12.0,5.486353117217784,2.0809792977780446,0.0,0.19087295027495976,0.2910589900304618,21.945412468871137,26.7,15.6,27.208,0.6163,0.2667,1,"baseline: scheduled setpoints, no override"
48,7,1,12.25,7.838744662958425,4.153709414823815,0.0,0.4705343789698296,0.2910589900304618,31.3549786518337,26.7,15.6,27.134,0.6151,0.4,1,"baseline: scheduled setpoints, no override"
49,7,1,12.5,10.659448093646011,6.709257719951178,0.0,0.7356895045300521,0.2910589900304618,42.637792374584045,26.7,15.6,26.625,0.5212,0.4,1,"baseline: scheduled setpoints, no override"
50,7,1,12.75,5.571788973313946,2.1644117050577307,0.0,0.1928763990914336,0.2910589900304618,22.287155893255783,26.7,15.6,27.207,0.6176,0.2,1,"baseline: scheduled setpoints, no override"
51,7,1,13.0,7.957916047042424,4.267403850365352,0.0,0.47601132751229136,0.2910589900304618,31.831664188169697,26.7,15.6,27.151,0.6273,0.2667,1,"baseline: scheduled setpoints, no override"
52,7,1,13.25,11.101510487278846,7.105854853645816,0.0,0.781154764468248,0.2910589900304618,44.406041949115384,26.7,15.6,26.636,0.5406,0.3333,1,"baseline: scheduled setpoints, no override"
53,7,1,13.5,5.787530656108428,2.368912255002659,0.0,0.2041175319409886,0.2910589900304618,23.150122624433713,26.7,15.6,27.267,0.6505,0.2,1,"baseline: scheduled setpoints, no override"
54,7,1,13.75,8.266891583456424,4.543595795264733,0.0,0.5087949190269108,0.2910589900304618,33.067566333825695,26.7,15.6,27.206,0.6624,0.2667,1,"baseline: scheduled setpoints, no override"
55,7,1,14.0,11.705613753039863,7.64550910934638,0.0,0.8456037745287028,0.2910589900304618,46.82245501215945,26.7,15.6,26.653,0.5694,0.3333,1,"baseline: scheduled setpoints, no override"
56,7,1,14.25,5.998848028271074,2.5680005080642796,0.0,0.2163466510420132,0.2910589900304618,23.995392113084296,26.7,15.6,27.333,0.6859,0.2,1,"baseline: scheduled setpoints, no override"
57,7,1,14.5,8.546657769004339,4.790114469036024,0.0,0.542042430803534,0.2910589900304618,34.186631076017356,26.7,15.6,27.26,0.6957,0.2667,1,"baseline: scheduled setpoints, no override"
58,7,1,14.75,12.1497509374761,8.034976431656542,0.0,0.9002736366547768,0.2910589900304618,48.5990037499044,26.7,15.6,26.667,0.5928,0.3333,1,"baseline: scheduled setpoints, no override"
59,7,1,15.0,6.127351951740603,2.6867114752821672,0.0,0.22613960729365543,0.2910589900304618,24.50940780696241,26.7,15.6,27.38,0.7111,0.2,1,"baseline: scheduled setpoints, no override"
60,7,1,15.25,8.731701455229768,4.9476780277096495,0.0,0.5695225583553385,0.2910589900304618,34.92680582091907,26.7,15.6,27.307,0.7211,0.2667,1,"baseline: scheduled setpoints, no override"
61,7,1,15.5,12.486212757003546,8.318279305696642,0.0,0.9534325821421259,0.2910589900304618,49.944851028014185,26.7,15.6,26.687,0.6133,0.3333,1,"baseline: scheduled setpoints, no override"
62,7,1,15.75,6.231752739701911,2.7803817580741215,0.0,0.23687011246300801,0.2910589900304618,24.927010958807642,26.7,15.6,27.432,0.7354,0.2,1,"baseline: scheduled setpoints, no override"
63,7,1,16.0,8.858650102856052,5.051639671691267,0.0,0.592509562000003,0.2910589900304618,35.434600411424206,26.7,15.6,27.348,0.7413,0.2667,1,"baseline: scheduled setpoints, no override"
64,7,1,16.25,12.541100317176998,8.350080483016306,0.0,0.9765189649959096,0.2910589900304618,50.16440126870799,26.7,15.6,26.702,0.6247,0.3333,1,"baseline: scheduled setpoints, no override"
65,7,1,16.5,6.180660219904762,2.7293223297982037,0.0,0.23683702094177828,0.2910589900304618,24.72264087961905,26.7,15.6,27.443,0.742,0.2,1,"baseline: scheduled setpoints, no override"
66,7,1,16.75,8.74798005670937,4.945078029706542,0.0,0.5884011578380464,0.2910589900304618,34.99192022683748,26.7,15.6,27.343,0.739,0.2,1,"baseline: scheduled setpoints, no override"
67,7,1,17.0,12.16405416192734,8.002567447588977,0.0,0.9469858451735818,0.2910589900304618,48.65621664770936,26.7,15.6,26.696,0.6156,0.3333,1,"baseline: scheduled setpoints, no override"
68,7,1,17.25,5.422175829988791,2.5018847836796207,0.0,0.22116750620946626,0.3375279477154128,21.688703319955163,26.7,15.6,27.378,0.7146,0.2,1,"baseline: scheduled setpoints, no override"
69,7,1,17.5,7.832479859226333,4.685119790653406,0.0,0.5435051878385148,0.24224765174848037,31.32991943690533,26.7,15.6,27.266,0.6998,0.2667,1,"baseline: scheduled setpoints, no override"
70,7,1,17.75,10.670900366773141,7.23645965545381,0.0,0.830609682780573,0.24224765174848037,42.683601467092565,26.7,15.6,26.662,0.5768,0.3333,1,"baseline: scheduled setpoints, no override"
71,7,1,18.0,4.9761012722639455,2.1740847892207213,0.0,0.19818545450446914,0.24224765174848037,19.904405089055782,26.7,15.6,27.271,0.6588,0.2667,1,"baseline: scheduled setpoints, no override"
72,7,1,18.25,7.361973810378263,4.280119778974867,0.0,0.4780230028646403,0.24224765174848037,29.447895241513052,26.7,15.6,27.162,0.6366,0.2667,1,"baseline: scheduled setpoints, no override"
73,7,1,18.5,9.72831104456574,6.408264703474394,0.0,0.7146420148454402,0.2438209494556286,38.91324417826296,26.7,15.6,26.614,0.5193,0.4,1,"baseline: scheduled setpoints, no override"
74,7,1,18.75,4.660670911353109,1.8739840726744903,0.0,0.17754520075072397,0.2475578675230286,18.642683645412436,26.7,15.6,27.123,0.5834,0.3333,1,"baseline: scheduled setpoints, no override"
75,7,1,19.0,6.842860451035684,3.7939076354361614,0.0,0.43198015634263603,0.25538795390096625,27.371441804142737,26.7,15.6,27.053,0.5709,0.4,0,"baseline: scheduled setpoints, no override"
76,7,1,19.25,8.971501376833526,5.684778257348938,0.0,0.6385376630704924,0.286598791877144,35.886005507334104,26.7,15.6,26.551,0.4635,0.4667,0,"baseline: scheduled setpoints, no override"
77,7,1,19.5,5.266206206545892,1.6925025166612657,0.0,0.17754520075072397,0.26813901328740164,21.064824826183568,26.7,15.6,26.957,0.5014,0.3333,0,"baseline: scheduled setpoints, no override"
78,7,1,19.75,7.102214611246586,3.3141488129689503,0.0,0.3919119295584731,0.26813901328740164,28.408858444986343,26.7,15.6,26.915,0.4907,0.4667,0,"baseline: scheduled setpoints, no override"
79,7,1,20.0,10.736873456197822,6.762291067694756,0.0,0.5784285197839031,0.26813901328740164,42.94749382479129,26.7,15.6,26.471,0.3988,0.6667,0,"baseline: scheduled setpoints, no override"
80,7,1,20.25,5.173636453209533,1.5999373837396482,0.0,0.17754520075072397,0.26813901328740164,20.694545812838133,26.7,15.6,26.826,0.4442,0.5333,0,"baseline: scheduled setpoints, no override"
81,7,1,20.5,6.905391398710528,3.1332786363616676,0.0,0.375958893629699,0.26813901328740164,27.621565594842114,26.7,15.6,26.823,0.4422,0.6667,0,"baseline: scheduled setpoints, no override"
82,7,1,20.75,8.66002086096879,4.711741643707136,0.0,0.5521253485424916,0.26813901328740164,34.64008344387516,26.7,15.6,26.421,0.3606,0.8,0,"baseline: scheduled setpoints, no override"
83,7,1,21.0,5.119873625982913,1.5461745565130263,0.0,0.17754520075072397,0.26813901328740164,20.47949450393165,26.7,15.6,26.742,0.4025,0.7333,0,"baseline: scheduled setpoints, no override"
84,7,1,21.25,6.764628458048315,3.0018201388470866,0.0,0.3666544504820651,0.26813901328740164,27.05851383219326,26.7,15.6,26.755,0.4043,0.6667,0,"baseline: scheduled setpoints, no override"
85,7,1,21.5,9.78193699596894,5.844041192311012,0.0,0.5417419349387669,0.26813901328740164,39.12774798387576,26.7,15.6,26.373,0.3291,0.9333,0,"baseline: scheduled setpoints, no override"
86,7,1,21.75,5.983068730379954,2.409369660910068,0.0,0.17754520075072397,0.26813901328740164,23.932274921519817,26.7,15.6,26.655,0.3681,0.9333,0,"baseline: scheduled setpoints, no override"
87,7,1,22.0,7.689991186716171,3.929640583808967,0.0,0.3641967341880429,0.26813901328740164,30.759964746864686,26.7,15.6,26.688,0.3762,0.8,0,"baseline: scheduled setpoints, no override"
88,7,1,22.25,10.447961800883972,6.510065997226043,0.0,0.5417419349387669,0.26813901328740164,41.79184720353589,26.7,15.6,26.33,0.3091,0.9333,0,"baseline: scheduled setpoints, no override"
89,7,1,22.5,5.966654954088742,2.392955884618856,0.0,0.17754520075072397,0.26813901328740164,23.86661981635497,26.7,15.6,26.585,0.3447,0.9333,0,"baseline: scheduled setpoints, no override"
90,7,1,22.75,5.022514233570991,1.4202039345771276,0.0,0.20615643027470157,0.26813901328740164,20.090056934283965,26.7,15.6,26.9,0.4045,0.6,0,"baseline: scheduled setpoints, no override"
91,7,1,23.0,9.310736019516224,5.372840215858295,0.0,0.5417419349387669,0.26813901328740164,37.242944078064895,26.7,15.6,26.448,0.3242,0.9333,0,"baseline: scheduled setpoints, no override"
92,7,1,23.25,8.203771981995052,3.8675017472104187,0.0,0.33558550466406534,0.26813901328740164,32.81508792798021,26.7,15.6,26.352,0.2916,1.0,0,"baseline: scheduled setpoints, no override"
93,7,1,23.5,4.000684730120568,0.0,0.0,0.0,0.26813901328740164,16.002738920482273,26.7,15.6,26.938,0.3922,0.8,0,"baseline: scheduled setpoints, no override"
94,7,1,23.75,7.272973933919534,2.888587572773541,0.0,0.38370163102542554,0.26813901328740164,29.091895735678136,26.7,15.6,26.854,0.387,0.7333,0,"baseline: scheduled setpoints, no override"
95,7,1,24.0,10.843834352219577,6.301407687160242,0.0,0.5417419349387669,0.26813901328740164,43.37533740887831,26.7,15.6,26.309,0.2875,1.0,0,"baseline: scheduled setpoints, no override"
96,7,2,0.25,6.546021323402199,2.38729628936829,0.0,0.15804030391334134,0.26813901328740164,26.184085293608796,26.7,15.6,26.48,0.3077,1.0,0,"baseline: scheduled setpoints, no override"
97,7,2,0.5,4.000684730120568,0.0,0.0,0.0,0.26813901328740164,16.002738920482273,26.7,15.6,27.077,0.4208,0.6667,0,"baseline: scheduled setpoints, no override"
98,7,2,0.75,7.260089480794927,2.875703119648934,0.0,0.38370163102542554,0.26813901328740164,29.04035792317971,26.7,15.6,26.851,0.39,0.7333,0,"baseline: scheduled setpoints, no override"
99,7,2,1.0,9.816711265053875,5.27428459999454,0.0,0.5417419349387669,0.26813901328740164,39.2668450602155,26.7,15.6,26.245,0.2716,1.0,0,"baseline: scheduled setpoints, no override"
100,7,2,1.25,6.543633520388726,2.3849084863548167,0.0,0.15804030391334134,0.26813901328740164,26.174534081554903,26.7,15.6,26.41,0.284,1.0,0,"baseline: scheduled setpoints, no override"
101,7,2,1.5,4.000684730120568,0.0,0.0,0.0,0.26813901328740164,16.002738920482273,26.7,15.6,27.008,0.3939,0.8,0,"baseline: scheduled setpoints, no override"
102,7,2,1.75,8.160360901311146,3.77597454016515,0.0,0.38370163102542554,0.26813901328740164,32.64144360524458,26.7,15.6,26.812,0.3707,0.8667,0,"baseline: scheduled setpoints, no override"
103,7,2,2.0,11.641431547071273,7.099004882011938,0.0,0.5417419349387669,0.26813901328740164,46.56572618828509,26.7,15.6,26.204,0.2583,1.0,0,"baseline: scheduled setpoints, no override"
104,7,2,2.25,6.526525114596168,2.3678000805622585,0.0,0.15804030391334134,0.26813901328740164,26.10610045838467,26.7,15.6,26.346,0.2705,1.0,0,"baseline: scheduled setpoints, no override"
105,7,2,2.5,4.000684730120568,0.0,0.0,0.0,0.26813901328740164,16.002738920482273,26.7,15.6,26.93,0.3783,0.8667,0,"baseline: scheduled setpoints, no override"
106,7,2,2.75,8.086829965713315,3.7024436045673217,0.0,0.38370163102542554,0.26813901328740164,32.34731986285326,26.7,15.6,26.757,0.3578,0.8667,0,"baseline: scheduled setpoints, no override"
107,7,2,3.0,11.62187645406185,7.079449789002515,0.0,0.5417419349387669,0.26813901328740164,46.4875058162474,26.7,15.6,26.157,0.2466,1.0,0,"baseline: scheduled setpoints, no override"
108,7,2,3.25,6.527403612602663,2.368678578568754,0.0,0.15804030391334134,0.26813901328740164,26.109614450410653,26.7,15.6,26.291,0.257,1.0,0,"baseline: scheduled setpoints, no override"
109,7,2,3.5,4.000684730120568,0.0,0.0,0.0,0.26813901328740164,16.002738920482273,26.7,15.6,26.87,0.364,0.9333,0,"baseline: scheduled setpoints, no override"
110,7,2,3.75,8.05234294648739,3.6679565853413947,0.0,0.38370163102542554,0.26813901328740164,32.20937178594956,26.7,15.6,26.714,0.3463,0.9333,0,"baseline: scheduled setpoints, no override"
111,7,2,4.0,10.624810896792123,6.082384231732787,0.0,0.5417419349387669,0.26813901328740164,42.49924358716849,26.7,15.6,26.118,0.234,1.0,0,"baseline: scheduled setpoints, no override"
112,7,2,4.25,7.37901927018155,3.193055750505512,0.0,0.1852787895554703,0.26813901328740164,29.5160770807262,25.6,17.8,26.142,0.223,1.0,0,"baseline: scheduled setpoints, no override"
113,7,2,4.5,10.322359487073983,5.799603006714952,0.0,0.5220717502384612,0.26813901328740164,41.289437948295934,25.6,17.8,25.861,0.1684,1.0,0,"baseline: scheduled setpoints, no override"
114,7,2,4.75,14.528168669291572,7.979388323885594,0.0,2.5480956152854097,0.26813901328740164,58.11267467716629,25.6,17.8,25.599,0.1262,1.0,0,"baseline: scheduled setpoints, no override"
115,7,2,5.0,5.659276039751146,1.5005510057172369,0.0,0.15804030391334134,0.26813901328740164,22.637104159004583,25.6,17.8,26.04,0.2026,1.0,0,"baseline: scheduled setpoints, no override"
116,7,2,5.25,14.021776203028944,7.27905871442753,0.0,1.2711937621528597,0.26813901328740164,56.087104812115776,25.0,20.0,25.133,0.0341,1.0,0,"baseline: scheduled setpoints, no override"
117,7,2,5.5,11.564735546130278,5.024247369833978,0.0,0.5971894294496126,0.7399140336855354,46.25894218452111,25.0,20.0,25.006,-0.0268,1.0,0,"baseline: scheduled setpoints, no override"
118,7,2,5.75,11.295464907651324,5.959443539869271,0.0,0.7594767701828704,0.6820776265154053,45.181859630605295,25.0,20.0,25.0,-0.0345,1.0,0,"baseline: scheduled setpoints, no override"
119,7,2,6.0,11.033627633253213,5.796436087754807,0.0,0.72473635776109,0.6180136701459157,44.13451053301285,25.0,20.0,24.999,-0.0349,1.0,0,"baseline: scheduled setpoints, no override"
120,7,2,6.25,27.833623222323357,15.001265807705359,0.0,4.329807344591199,1.7874123980334091,111.33449288929343,24.0,21.0,24.21,-0.1629,1.0,0,"baseline: scheduled setpoints, no override"
121,7,2,6.5,23.88214642816653,13.638628300249577,0.0,1.7598266628380888,1.7680352597632976,95.52858571266611,24.0,21.0,24.024,-0.215,1.0,0,"baseline: scheduled setpoints, no override"
122,7,2,6.75,25.326514213910084,14.380076455934134,0.0,2.484436246776584,1.7463539401827715,101.30605685564034,24.0,21.0,24.008,-0.2206,1.0,0,"baseline: scheduled setpoints, no override"
123,7,2,7.0,25.501111264755536,14.655612725106074,0.0,2.3835066877897932,1.7463539401827715,102.00444505902215,24.0,21.0,24.01,-0.2171,1.0,1,"baseline: scheduled setpoints, no override"
124,7,2,7.25,42.61715986859072,16.80900591586045,0.0,6.180803387567628,5.239061820548314,170.46863947436287,24.0,21.0,24.075,-0.1739,1.0,1,"baseline: scheduled setpoints, no override"
125,7,2,7.5,43.007457985036055,17.17409659401799,0.0,6.2014171156609255,5.239061820548314,172.02983194014422,24.0,21.0,24.148,-0.1392,1.0,1,"baseline: scheduled setpoints, no override"
126,7,2,7.75,43.26272951069423,17.384650204892385,0.0,6.246135030444707,5.239061820548314,173.0509180427769,24.0,21.0,24.192,-0.1184,1.0,1,"baseline: scheduled setpoints, no override"
127,7,2,8.0,43.57447133590727,17.530859150294976,0.0,6.411667910255154,5.239061820548314,174.29788534362908,24.0,21.0,24.24,-0.0992,1.0,1,"baseline: scheduled setpoints, no override"
128,7,2,8.25,41.22385155470515,17.646983048370608,0.0,6.040575430326135,5.239061820548314,164.8954062188206,24.0,21.0,24.246,-0.0891,1.0,1,"baseline: scheduled setpoints, no override"
129,7,2,8.5,41.24873008164913,17.756768000759998,0.0,5.955669004880737,5.239061820548314,164.9949203265965,24.0,21.0,24.272,-0.076,0.9333,1,"baseline: scheduled setpoints, no override"
130,7,2,8.75,41.599443785867926,17.85822193114695,0.0,6.204928778712575,5.239061820548314,166.3977751434717,24.0,21.0,24.309,-0.0633,0.9333,1,"baseline: scheduled setpoints, no override"
131,7,2,9.0,41.838834311268684,17.959443295487084,0.0,6.343097939773197,5.239061820548314,167.35533724507474,24.0,21.0,24.331,-0.0533,0.9333,1,"baseline: scheduled setpoints, no override"
132,7,2,9.25,41.46749837176883,18.009620679894205,0.0,6.405196352675491,5.239061820548314,165.86999348707533,24.0,21.0,24.333,-0.0489,0.9333,1,"baseline: scheduled setpoints, no override"
133,7,2,9.5,41.711280930123095,18.064019773680517,0.0,6.594579817243433,5.239061820548314,166.84512372049238,24.0,21.0,24.352,-0.042,1.0,1,"baseline: scheduled setpoints, no override"
134,7,2,9.75,41.821335227911945,18.11914120784486,0.0,6.649512680867935,5.239061820548314,167.28534091164778,24.0,21.0,24.381,-0.033,1.0,1,"baseline: scheduled setpoints, no override"
135,7,2,10.0,41.89706689882353,18.174419373362788,0.0,6.6699661862616075,5.239061820548314,167.58826759529413,24.0,21.0,24.41,-0.0239,1.0,1,"baseline: scheduled setpoints, no override"
136,7,2,10.25,42.66136256196841,18.228506664450755,0.0,6.896562821509266,5.239061820548314,170.64545024787364,24.0,21.0,24.444,-0.0142,1.0,1,"baseline: scheduled setpoints, no override"
137,7,2,10.5,42.703048254112126,18.282071245847487,0.0,6.88468393225623,5.239061820548314,170.8121930164485,24.0,21.0,24.456,-0.01,1.0,1,"baseline: scheduled setpoints, no override"
138,7,2,10.75,42.752572300435226,18.336116396452308,0.0,6.880162827974522,5.239061820548314,171.0102892017409,24.0,21.0,24.451,-0.0116,1.0,1,"baseline: scheduled setpoints, no override"
139,7,2,11.0,42.79897614913225,18.389398067892525,0.0,6.87328500523132,5.239061820548314,171.195904596529,24.0,21.0,24.441,-0.015,1.0,1,"baseline: scheduled setpoints, no override"
140,7,2,11.25,43.48498113646715,18.43657997410229,0.0,7.302573124432396,5.239061820548314,173.9399245458686,24.0,21.0,24.462,-0.0128,1.0,1,"baseline: scheduled setpoints, no override"
141,7,2,11.5,43.651733271695264,18.48663966688706,0.0,7.419265566875741,5.239061820548314,174.60693308678105,24.0,21.0,24.476,-0.0105,1.0,1,"baseline: scheduled setpoints, no override"
142,7,2,11.75,43.70490990394285,18.539816299134646,0.0,7.419265566875741,5.239061820548314,174.8196396157714,24.0,21.0,24.48,-0.0108,1.0,1,"baseline: scheduled setpoints, no override"
143,7,2,12.0,43.76020416051613,18.595110555707915,0.0,7.419265566875741,5.239061820548314,175.04081664206453,24.0,21.0,24.493,-0.01,0.9333,1,"baseline: scheduled setpoints, no override"
144,7,2,12.25,43.962776712859885,18.60420826684137,0.0,7.419265566875741,5.239061820548314,175.85110685143954,24.0,21.0,24.483,-0.0123,1.0,1,"baseline: scheduled setpoints, no override"
145,7,2,12.5,43.96766233402008,18.609093888001578,0.0,7.419265566875741,5.239061820548314,175.87064933608033,24.0,21.0,24.49,-0.0124,1.0,1,"baseline: scheduled setpoints, no override"
146,7,2,12.75,43.9720753081782,18.61350686215969,0.0,7.419265566875741,5.239061820548314,175.8883012327128,24.0,21.0,24.508,-0.0083,1.0,1,"baseline: scheduled setpoints, no override"
147,7,2,13.0,43.975984124757915,18.6174156787394,0.0,7.419265566875741,5.239061820548314,175.90393649903166,24.0,21.0,24.529,-0.0007,1.0,1,"baseline: scheduled setpoints, no override"
148,7,2,13.25,43.14230040061781,18.67035349454293,0.0,7.419265566875741,5.239061820548314,172.56920160247125,24.0,21.0,24.539,0.0062,1.0,1,"baseline: scheduled setpoints, no override"
149,7,2,13.5,43.19830128671296,18.726354380638085,0.0,7.419265566875741,5.239061820548314,172.79320514685185,24.0,21.0,24.55,0.0134,1.0,1,"baseline: scheduled setpoints, no override"
150,7,2,13.75,43.25353253575512,18.781585629680237,0.0,7.419265566875741,5.239061820548314,173.01413014302048,24.0,21.0,24.579,0.0249,1.0,1,"baseline: scheduled setpoints, no override"
151,7,2,14.0,43.308107728507565,18.83616082243268,0.0,7.419265566875741,5.239061820548314,173.23243091403026,24.0,21.0,24.614,0.0388,1.0,1,"baseline: scheduled setpoints, no override"
152,7,2,14.25,43.311530019891094,18.839583113816214,0.0,7.419265566875741,5.239061820548314,173.24612007956438,24.0,21.0,24.641,0.052,1.0,1,"baseline: scheduled setpoints, no override"
153,7,2,14.5,43.312323398343224,18.840376492268337,0.0,7.419265566875741,5.239061820548314,173.2492935933729,24.0,21.0,24.677,0.067,1.0,1,"baseline: scheduled setpoints, no override"
154,7,2,14.75,43.31354766852129,18.84160076244641,0.0,7.419265566875741,5.239061820548314,173.25419067408515,24.0,21.0,24.719,0.0821,1.0,1,"baseline: scheduled setpoints, no override"
155,7,2,15.0,43.31498999764311,18.84304309156823,0.0,7.419265566875741,5.239061820548314,173.25995999057244,24.0,21.0,24.76,0.0973,1.0,1,"baseline: scheduled setpoints, no override"
156,7,2,15.25,43.890405546640075,18.69304102432574,0.0,7.419265566875741,5.239061820548314,175.5616221865603,24.0,21.0,24.8,0.1113,1.0,1,"baseline: scheduled setpoints, no override"
157,7,2,15.5,43.74227598229912,18.544911459984785,0.0,7.419265566875741,5.239061820548314,174.96910392919648,24.0,21.0,24.826,0.1219,1.0,1,"baseline: scheduled setpoints, no override"
158,7,2,15.75,43.59584125078838,18.398476728474062,0.0,7.419265566875741,5.239061820548314,174.38336500315353,24.0,21.0,24.827,0.1231,1.0,1,"baseline: scheduled setpoints, no override"
159,7,2,16.0,43.45071100962818,18.25334648731385,0.0,7.419265566875741,5.239061820548314,173.80284403851272,24.0,21.0,24.81,0.1185,1.0,1,"baseline: scheduled setpoints, no override"
160,7,2,16.25,38.4997682743497,18.300725885333254,0.0,7.419265566875741,2.9105899003046205,153.9990730973988,24.0,21.0,24.685,0.0844,1.0,1,"baseline: scheduled setpoints, no override"
161,7,2,16.5,38.5454939429499,18.347831039254675,0.0,7.419265566875741,2.9105899003046205,154.1819757717996,24.0,21.0,24.588,0.0561,1.0,1,"baseline: scheduled setpoints, no override"
162,7,2,16.75,38.59152716540189,18.39386426170666,0.0,7.419265566875741,2.9105899003046205,154.36610866160757,24.0,21.0,24.538,0.0366,1.0,1,"baseline: scheduled setpoints, no override"
163,7,2,17.0,38.63671287644455,18.439049972749324,0.0,7.419265566875741,2.9105899003046205,154.5468515057782,24.0,21.0,24.502,0.0208,1.0,1,"baseline: scheduled setpoints, no override"
164,7,2,17.25,29.140067326712593,17.979097438997666,0.0,4.552077962883293,1.7463539401827715,116.56026930685037,24.0,21.0,24.198,-0.0619,1.0,1,"baseline: scheduled setpoints, no override"
165,7,2,17.5,27.368735087244836,17.379635925868772,0.0,3.380727311574027,1.7463539401827715,109.47494034897935,24.0,21.0,24.073,-0.1177,1.0,1,"baseline: scheduled setpoints, no override"
166,7,2,17.75,26.808215480919515,17.356713325794942,0.0,2.8431303053225414,1.7463539401827715,107.23286192367806,24.0,21.0,24.029,-0.1557,1.0,1,"baseline: scheduled setpoints, no override"
167,7,2,18.0,25.739875150141856,16.715933484268835,0.0,2.415569816070989,1.7463539401827715,102.95950060056742,24.0,21.0,24.006,-0.1831,1.0,1,"baseline: scheduled setpoints, no override"
168,7,2,18.25,23.40925437155131,15.633299864987343,0.0,1.8123199907919838,1.7463539401827715,93.63701748620524,24.0,21.0,24.0,-0.2083,1.0,1,"baseline: scheduled setpoints, no override"
169,7,2,18.5,22.371208204626004,14.679154832515929,0.0,1.7248631933751448,1.7499096031457213,89.48483281850402,24.0,21.0,23.999,-0.2268,1.0,1,"baseline: scheduled setpoints, no override"
170,7,2,18.75,21.363179862976438,13.799029499354596,0.0,1.5793658158672605,1.7675023928239284,85.45271945190575,24.0,21.0,23.999,-0.2461,1.0,1,"baseline: scheduled setpoints, no override"
171,7,2,19.0,20.439814935536436,12.98081049789511,0.0,1.447415983879516,1.794298483826667,81.75925974214574,24.0,21.0,24.0,-0.2636,1.0,0,"baseline: scheduled setpoints, no override"
172,7,2,19.25,19.10328149577973,12.290600062644625,0.0,1.2848805491863822,1.3104990085042956,76.41312598311892,24.0,21.0,24.0,-0.2864,1.0,0,"baseline: scheduled setpoints, no override"
173,7,2,19.5,19.147528531727698,11.557557683663298,0.0,1.1266304397719595,1.4798280673710709,76.59011412691079,24.0,21.0,24.0,-0.314,1.0,0,"baseline: scheduled setpoints, no override"
174,7,2,19.75,18.718765948470825,11.194933925249853,0.0,1.0604166287496573,1.4798280673710709,74.8750637938833,24.0,21.0,24.0,-0.323,1.0,0,"baseline: scheduled setpoints, no override"
175,7,2,20.0,18.426477399362224,10.948938952049009,0.0,1.0141230528419036,1.4798280673710709,73.7059095974489,24.0,21.0,24.0,-0.3304,1.0,0,"baseline: scheduled setpoints, no override"
176,7,2,20.25,17.876025191081585,10.771443765523802,0.0,0.9635346420896533,1.4798280673710709,71.50410076432634,24.0,21.0,24.0,-0.3363,1.0,0,"baseline: scheduled setpoints, no override"
177,7,2,20.5,17.717052837275578,10.646721609140586,0.0,0.9292844446668653,1.4798280673710709,70.86821134910231,24.0,21.0,24.0,-0.3417,1.0,0,"baseline: scheduled setpoints, no override"
178,7,2,20.75,17.599249554354355,10.556018461398248,0.0,0.9021843094879769,1.4798280673710709,70.39699821741742,24.0,21.0,24.0,-0.3466,1.0,0,"baseline: scheduled setpoints, no override"
179,7,2,21.0,17.49839241720287,10.478823175340112,0.0,0.8785224583946287,1.4798280673710709,69.99356966881147,24.0,21.0,24.0,-0.351,1.0,0,"baseline: scheduled setpoints, no override"
180,7,2,21.25,5.401132749782597,0.0,0.0,0.0,0.7399140336855354,21.60453099913039,26.7,15.6,25.114,-0.143,1.0,0,"baseline: scheduled setpoints, no override"
181,7,2,21.5,5.400806004769311,0.0,0.0,0.0,0.7399140336855354,21.603224019077246,26.7,15.6,26.067,0.0717,1.0,0,"baseline: scheduled setpoints, no override"
182,7,2,21.75,5.400806004769311,0.0,0.0,0.0,0.7399140336855354,21.603224019077246,26.7,15.6,26.547,0.1982,1.0,0,"baseline: scheduled setpoints, no override"
183,7,2,22.0,5.400806004769311,0.0,0.0,0.0,0.7399140336855354,21.603224019077246,26.7,15.6,26.671,0.2492,1.0,0,"baseline: scheduled setpoints, no override"
184,7,2,22.25,5.030848987926544,0.0,0.0,0.0,0.3699570168427677,20.123395951706176,26.7,15.6,26.693,0.2743,1.0,0,"baseline: scheduled setpoints, no override"
185,7,2,22.5,5.030686389287992,0.0,0.0,0.0,0.3699570168427677,20.12274555715197,26.7,15.6,26.734,0.2996,1.0,0,"baseline: scheduled setpoints, no override"
186,7,2,22.75,5.030686389287992,0.0,0.0,0.0,0.3699570168427677,20.12274555715197,26.7,15.6,26.795,0.3273,1.0,0,"baseline: scheduled setpoints, no override"
187,7,2,23.0,8.327512660128397,2.932629536652361,0.0,0.3641967341880429,0.3699570168427677,33.31005064051359,26.7,15.6,26.353,0.253,0.9333,0,"baseline: scheduled setpoints, no override"
188,7,2,23.25,7.6032852788294,3.077485459590535,0.0,0.3641967341880429,0.42902242127888573,30.4131411153176,26.7,15.6,25.858,0.1551,0.9333,0,"baseline: scheduled setpoints, no override"
189,7,2,23.5,4.0007399666498555,0.0,0.0,0.0,0.26813901328740164,16.002959866599422,26.7,15.6,26.118,0.1945,0.9333,0,"baseline: scheduled setpoints, no override"
190,7,2,23.75,4.000684730120568,0.0,0.0,0.0,0.26813901328740164,16.002738920482273,26.7,15.6,26.507,0.2762,0.9333,0,"baseline: scheduled setpoints, no override"
191,7,2,24.0,4.000684730120568,0.0,0.0,0.0,0.26813901328740164,16.002738920482273,26.7,15.6,26.767,0.3393,0.9333,0,"baseline: scheduled setpoints, no override"
192,7,3,0.25,4.000684730120568,0.0,0.0,0.0,0.26813901328740164,16.002738920482273,26.7,15.6,26.83,0.3644,0.8667,0,"baseline: scheduled setpoints, no override"
193,7,3,0.5,5.7838292289856446,1.5769880685903754,0.0,0.20615643027470157,0.26813901328740164,23.135316915942578,26.7,15.6,26.573,0.3235,0.8667,0,"baseline: scheduled setpoints, no override"
194,7,3,0.75,5.854263041062507,1.6474218806672365,0.0,0.20615643027470157,0.26813901328740164,23.417052164250027,26.7,15.6,26.32,0.2754,0.8667,0,"baseline: scheduled setpoints, no override"
195,7,3,1.0,4.000684730120568,0.0,0.0,0.0,0.26813901328740164,16.002738920482273,26.7,15.6,26.471,0.3012,0.8667,0,"baseline: scheduled setpoints, no override"
196,7,3,1.25,4.000684730120568,0.0,0.0,0.0,0.26813901328740164,16.002738920482273,26.7,15.6,26.681,0.3451,0.8667,0,"baseline: scheduled setpoints, no override"
197,7,3,1.5,4.000684730120568,0.0,0.0,0.0,0.26813901328740164,16.002738920482273,26.7,15.6,26.817,0.3777,0.8,0,"baseline: scheduled setpoints, no override"
198,7,3,1.75,4.000684730120568,0.0,0.0,0.0,0.26813901328740164,16.002738920482273,26.7,15.6,26.843,0.3895,0.7333,0,"baseline: scheduled setpoints, no override"
199,7,3,2.0,4.000684730120568,0.0,0.0,0.0,0.26813901328740164,16.002738920482273,26.7,15.6,26.828,0.3924,0.7333,0,"baseline: scheduled setpoints, no override"
200,7,3,2.25,4.000684730120568,0.0,0.0,0.0,0.26813901328740164,16.002738920482273,26.7,15.6,26.821,0.3958,0.7333,0,"baseline: scheduled setpoints, no override"
201,7,3,2.5,4.000684730120568,0.0,0.0,0.0,0.26813901328740164,16.002738920482273,26.7,15.6,26.828,0.4013,0.6667,0,"baseline: scheduled setpoints, no override"
202,7,3,2.75,4.000684730120568,0.0,0.0,0.0,0.26813901328740164,16.002738920482273,26.7,15.6,26.838,0.4073,0.6667,0,"baseline: scheduled setpoints, no override"
203,7,3,3.0,4.000684730120568,0.0,0.0,0.0,0.26813901328740164,16.002738920482273,26.7,15.6,26.845,0.4125,0.6667,0,"baseline: scheduled setpoints, no override"
204,7,3,3.25,4.000684730120568,0.0,0.0,0.0,0.26813901328740164,16.002738920482273,26.7,15.6,26.85,0.4174,0.6667,0,"baseline: scheduled setpoints, no override"
205,7,3,3.5,4.000684730120568,0.0,0.0,0.0,0.26813901328740164,16.002738920482273,26.7,15.6,26.854,0.422,0.6,0,"baseline: scheduled setpoints, no override"
206,7,3,3.75,4.000684730120568,0.0,0.0,0.0,0.26813901328740164,16.002738920482273,26.7,15.6,26.858,0.4267,0.5333,0,"baseline: scheduled setpoints, no override"
207,7,3,4.0,4.000684730120568,0.0,0.0,0.0,0.26813901328740164,16.002738920482273,26.7,15.6,26.863,0.4315,0.5333,0,"baseline: scheduled setpoints, no override"
208,7,3,4.25,11.139269434587062,6.504191179152905,0.0,0.6343935253135905,0.26813901328740164,44.55707773834825,25.6,17.8,25.706,0.2002,1.0,0,"baseline: scheduled setpoints, no override"
209,7,3,4.5,9.503829364040657,4.961402698981322,0.0,0.5417419349387669,0.26813901328740164,38.01531745616263,25.6,17.8,25.134,0.0485,1.0,0,"baseline: scheduled setpoints, no override"
210,7,3,4.75,4.000684730120568,0.0,0.0,0.0,0.26813901328740164,16.002738920482273,25.6,17.8,25.734,0.1305,1.0,0,"baseline: scheduled setpoints, no override"
211,7,3,5.0,4.000684730120568,0.0,0.0,0.0,0.26813901328740164,16.002738920482273,25.6,17.8,26.377,0.259,1.0,0,"baseline: scheduled setpoints, no override"
212,7,3,5.25,13.571546762499292,7.303480445853051,0.0,0.7965425901976865,0.26813901328740164,54.28618704999717,25.0,20.0,25.164,0.0348,1.0,0,"baseline: scheduled setpoints, no override"
213,7,3,5.5,11.27139695732491,4.786356275539455,0.0,0.5417419349387669,0.7399140336855354,45.08558782929964,25.0,20.0,24.831,-0.0689,1.0,0,"baseline: scheduled setpoints, no override"
214,7,3,5.75,10.127800764941686,4.98892255036991,0.0,0.5434608126901611,0.7009504307978407,40.51120305976674,25.0,20.0,24.949,-0.0706,1.0,0,"baseline: scheduled setpoints, no override"
215,7,3,6.0,10.145395501688224,5.052406962682074,0.0,0.5501551188686548,0.6483835981115128,40.581582006752896,25.0,20.0,24.986,-0.078,1.0,0,"baseline: scheduled setpoints, no override"
216,7,3,6.25,25.361689038503414,14.772121278082682,0.0,2.037717259804985,1.836699427327404,101.44675615401366,24.0,21.0,24.131,-0.2398,1.0,0,"baseline: scheduled setpoints, no override"
217,7,3,6.5,21.164350396796557,11.649008464047258,0.0,1.0116539514541318,1.7880098076674398,84.65740158718623,24.0,21.0,24.011,-0.2914,1.0,0,"baseline: scheduled setpoints, no override"
218,7,3,6.75,22.665559035056948,12.729597070319404,0.0,1.4470056705573715,1.773299822641046,90.66223614022779,24.0,21.0,24.002,-0.3068,1.0,0,"baseline: scheduled setpoints, no override"
219,7,3,7.0,22.194069089486813,12.405939069106012,0.0,1.310125753077623,1.7623543505797303,88.77627635794725,24.0,21.0,24.002,-0.3128,1.0,1,"baseline: scheduled setpoints, no override"
220,7,3,7.25,36.76048495063884,14.695105390933675,0.0,2.416338600903986,5.260731352487931,147.04193980255536,24.0,21.0,23.999,-0.3002,1.0,1,"baseline: scheduled setpoints, no override"
221,7,3,7.5,36.75581658174839,14.720025938807895,0.0,2.4038176164222307,5.239061820548314,147.02326632699356,24.0,21.0,23.999,-0.2982,1.0,1,"baseline: scheduled setpoints, no override"
222,7,3,7.75,36.902286323871635,14.696137959591683,0.0,2.574204088922808,5.239061820548314,147.60914529548654,24.0,21.0,23.999,-0.282,1.0,1,"baseline: scheduled setpoints, no override"
223,7,3,8.0,37.24447339908886,14.848061686519992,0.0,2.7644674372117244,5.239061820548314,148.97789359635544,24.0,21.0,23.999,-0.2652,1.0,1,"baseline: scheduled setpoints, no override"
224,7,3,8.25,35.22138910809265,15.005035629783562,0.0,2.6800604023006898,5.239061820548314,140.8855564323706,24.0,21.0,23.999,-0.2484,1.0,1,"baseline: scheduled setpoints, no override"
225,7,3,8.5,36.033293623492995,15.59421829721577,0.0,2.9027822502688223,5.239061820548314,144.13317449397198,24.0,21.0,23.999,-0.2333,1.0,1,"baseline: scheduled setpoints, no override"
226,7,3,8.75,36.48341414830431,15.977860726565687,0.0,2.9692603457302256,5.239061820548314,145.93365659321725,24.0,21.0,23.999,-0.2294,1.0,1,"baseline: scheduled setpoints, no override"
227,7,3,9.0,36.86686897119505,16.206745629800118,0.0,3.123830265386531,5.239061820548314,147.4674758847802,24.0,21.0,23.999,-0.2256,1.0,1,"baseline: scheduled setpoints, no override"
228,7,3,9.25,35.887241403090876,15.992478136772833,0.0,2.842081927118905,5.239061820548314,143.5489656123635,24.0,21.0,24.029,-0.2183,1.0,1,"baseline: scheduled setpoints, no override"
229,7,3,9.5,36.02907779890862,16.04569414217793,0.0,2.930702317531555,5.239061820548314,144.11631119563447,24.0,21.0,24.034,-0.2153,1.0,1,"baseline: scheduled setpoints, no override"
230,7,3,9.75,36.112324035399254,16.113925718835223,0.0,2.9457169773648904,5.239061820548314,144.44929614159702,24.0,21.0,24.035,-0.2122,1.0,1,"baseline: scheduled setpoints, no override"
231,7,3,10.0,36.227800757387,16.183858649219765,0.0,2.9912607689680937,5.239061820548314,144.911203029548,24.0,21.0,24.036,-0.21,1.0,1,"baseline: scheduled setpoints, no override"
232,7,3,10.25,37.80091059812917,16.75588734557511,0.0,3.508730176545661,5.239061820548314,151.20364239251668,24.0,21.0,24.008,-0.2104,1.0,1,"baseline: scheduled setpoints, no override"
233,7,3,10.5,38.27202549266086,17.081560132881243,0.0,3.6541722837712136,5.239061820548314,153.08810197064344,24.0,21.0,24.001,-0.2076,1.0,1,"baseline: scheduled setpoints, no override"
234,7,3,10.75,38.72888300067417,17.33574980067356,0.0,3.856840123992213,5.239061820548314,154.9155320026967,24.0,21.0,24.001,-0.2071,1.0,1,"baseline: scheduled setpoints, no override"
235,7,3,11.0,39.08363776851925,17.57403077493385,0.0,3.973313917577002,5.239061820548314,156.334551074077,24.0,21.0,24.005,-0.2063,1.0,1,"baseline: scheduled setpoints, no override"
236,7,3,11.25,37.863972762670116,17.393662097218836,0.0,2.7244826275188143,5.239061820548314,151.45589105068046,24.0,21.0,24.083,-0.1962,1.0,1,"baseline: scheduled setpoints, no override"
237,7,3,11.5,37.934130323194125,17.36268413420568,0.0,2.8256181510559775,5.239061820548314,151.7365212927765,24.0,21.0,24.113,-0.1922,1.0,1,"baseline: scheduled setpoints, no override"
238,7,3,11.75,38.00791080669584,17.47773314793985,0.0,2.784349620823516,5.239061820548314,152.03164322678336,24.0,21.0,24.117,-0.1931,1.0,1,"baseline: scheduled setpoints, no override"
239,7,3,12.0,38.08795126476019,17.567466772954678,0.0,2.7746564538730496,5.239061820548314,152.35180505904077,24.0,21.0,24.118,-0.195,1.0,1,"baseline: scheduled setpoints, no override"
240,7,3,12.25,39.87921937872541,18.14250510603465,0.0,3.7974113935479896,5.239061820548314,159.51687751490164,24.0,21.0,24.029,-0.2097,1.0,1,"baseline: scheduled setpoints, no override"
241,7,3,12.5,39.5311514098803,18.12459172236063,0.0,3.4672568083769004,5.239061820548314,158.1246056395212,24.0,21.0,24.003,-0.2174,1.0,1,"baseline: scheduled setpoints, no override"
242,7,3,12.75,39.67585861202859,18.173063812772558,0.0,3.563491920113271,5.239061820548314,158.70343444811436,24.0,21.0,24.001,-0.218,1.0,1,"baseline: scheduled setpoints, no override"
243,7,3,13.0,39.87440215729291,18.170700929170835,0.0,3.7643983489793036,5.239061820548314,159.49760862917165,24.0,21.0,24.003,-0.2141,1.0,1,"baseline: scheduled setpoints, no override"
244,7,3,13.25,38.13267414610559,17.815452673835726,0.0,3.26454013307073,5.239061820548314,152.53069658442237,24.0,21.0,24.032,-0.2062,1.0,1,"baseline: scheduled setpoints, no override"
245,7,3,13.5,38.43346906901442,17.68944306094429,0.0,3.691344668870989,5.239061820548314,153.73387627605769,24.0,21.0,24.036,-0.1976,1.0,1,"baseline: scheduled setpoints, no override"
246,7,3,13.75,38.241209353216966,17.600918126215817,0.0,3.587609887802006,5.239061820548314,152.96483741286787,24.0,21.0,24.036,-0.1975,1.0,1,"baseline: scheduled setpoints, no override"
247,7,3,14.0,37.952622193446416,17.501299864521275,0.0,3.3986409897259993,5.239061820548314,151.81048877378566,24.0,21.0,24.036,-0.1999,1.0,1,"baseline: scheduled setpoints, no override"
248,7,3,14.25,38.303973103567166,17.418012549411436,0.0,3.8332792149565935,5.239061820548314,153.21589241426867,24.0,21.0,24.014,-0.2045,1.0,1,"baseline: scheduled setpoints, no override"
249,7,3,14.5,37.894821534481316,17.317969799381256,0.0,3.5241703959009216,5.239061820548314,151.57928613792527,24.0,21.0,24.004,-0.2112,1.0,1,"baseline: scheduled setpoints, no override"
250,7,3,14.75,37.36600603565095,17.086166653671043,0.0,3.2271580427807636,5.239061820548314,149.4640241426038,24.0,21.0,24.0,-0.2229,1.0,1,"baseline: scheduled setpoints, no override"
251,7,3,15.0,36.73448908167034,16.807560399664244,0.0,2.8742473428069606,5.239061820548314,146.93795632668136,24.0,21.0,23.999,-0.2369,1.0,1,"baseline: scheduled setpoints, no override"
252,7,3,15.25,36.91224884116286,16.37466916029948,0.0,2.759480725424791,5.239061820548314,147.64899536465143,24.0,21.0,23.999,-0.2525,1.0,1,"baseline: scheduled setpoints, no override"
253,7,3,15.5,36.057491635484034,15.714008137135847,0.0,2.565384542909598,5.239061820548314,144.22996654193614,24.0,21.0,23.999,-0.269,1.0,1,"baseline: scheduled setpoints, no override"
254,7,3,15.75,35.4348953009651,15.188855936217895,0.0,2.467940409308617,5.239061820548314,141.7395812038604,24.0,21.0,23.999,-0.2749,1.0,1,"baseline: scheduled setpoints, no override"
255,7,3,16.0,34.907453602931064,14.739863978816892,0.0,2.389490668675594,5.239061820548314,139.62981441172425,24.0,21.0,23.999,-0.2797,1.0,1,"baseline: scheduled setpoints, no override"
256,7,3,16.25,26.91207273442292,12.455753610813053,0.0,1.6765423014691612,2.9105899003046205,107.64829093769168,24.0,21.0,23.999,-0.2932,1.0,1,"baseline: scheduled setpoints, no override"
257,7,3,16.5,25.6103487114387,11.273136823432495,0.0,1.5588145511867177,2.9105899003046205,102.4413948457548,24.0,21.0,23.999,-0.3002,1.0,1,"baseline: scheduled setpoints, no override"
258,7,3,16.75,36.825012401686465,16.88543967084963,0.0,7.150502673082885,2.9212626212390838,147.30004960674586,24.0,21.0,24.132,-0.2416,1.0,1,"baseline: scheduled setpoints, no override"
259,7,3,17.0,30.472874743999995,14.221994654088764,0.0,3.459150246165075,2.9239161365710293,121.89149897599998,24.0,21.0,24.061,-0.2435,1.0,1,"baseline: scheduled setpoints, no override"
260,7,3,17.25,19.22313898237078,11.702177060162043,0.0,0.9030873636500951,1.7553305912233834,76.89255592948312,24.0,21.0,24.003,-0.2779,1.0,1,"baseline: scheduled setpoints, no override"
261,7,3,17.5,19.246349247487306,11.736120113778256,0.0,0.8936386757816897,1.7545685579808854,76.98539698994922,24.0,21.0,23.998,-0.3027,1.0,1,"baseline: scheduled setpoints, no override"
262,7,3,17.75,27.038518298900343,15.162199423777817,0.0,5.257598166089149,1.756699147839974,108.15407319560137,24.0,21.0,24.039,-0.2893,1.0,1,"baseline: scheduled setpoints, no override"
263,7,3,18.0,27.12291960492984,15.240344873328738,0.0,5.245249178011929,1.7753030452611376,108.49167841971936,24.0,21.0,24.102,-0.2608,1.0,1,"baseline: scheduled setpoints, no override"
264,7,3,18.25,30.10335514112833,16.904998354985022,0.0,7.166740255429873,1.8143230952267129,120.41342056451332,24.0,21.0,24.145,-0.2215,1.0,1,"baseline: scheduled setpoints, no override"
265,7,3,18.5,26.01761889334569,15.226610355013223,0.0,4.697156590534075,1.8765411736424962,104.07047557338277,24.0,21.0,24.104,-0.2158,1.0,1,"baseline: scheduled setpoints, no override"
266,7,3,18.75,18.504295681400215,11.620344546209648,0.0,0.7261532304114378,1.9404594719381698,74.01718272560086,24.0,21.0,24.004,-0.2595,1.0,1,"baseline: scheduled setpoints, no override"
267,7,3,19.0,22.335017556148877,12.837890768782529,0.0,3.243569498441353,2.0361904263334,89.34007022459551,24.0,21.0,24.087,-0.2649,1.0,0,"baseline: scheduled setpoints, no override"
268,7,3,19.25,20.773329824143808,12.470135280163198,0.0,2.6567381754925132,1.4290468975272963,83.09331929657523,24.0,21.0,24.062,-0.2817,1.0,0,"baseline: scheduled setpoints, no override"
269,7,3,19.5,26.46833464277437,14.813220995218442,0.0,5.191720752532899,1.4798280673710709,105.87333857109748,24.0,21.0,24.098,-0.272,1.0,0,"baseline: scheduled setpoints, no override"
270,7,3,19.75,26.30136889540758,14.651388742258233,0.0,5.186564758678033,1.4798280673710709,105.20547558163032,24.0,21.0,24.101,-0.2655,1.0,0,"baseline: scheduled setpoints, no override"
271,7,3,20.0,26.103577817214934,14.500757297965226,0.0,5.139405124778395,1.4798280673710709,104.41431126885973,24.0,21.0,24.06,-0.2748,1.0,0,"baseline: scheduled setpoints, no override"
272,7,3,20.25,20.671543371051147,11.958321318767513,0.0,2.572175268815507,1.4798280673710709,82.68617348420459,24.0,21.0,24.021,-0.2954,1.0,0,"baseline: scheduled setpoints, no override"
273,7,3,20.5,20.668585549112514,11.947218443524514,0.0,2.5803203221198725,1.4798280673710709,82.67434219645006,24.0,21.0,24.031,-0.3093,1.0,0,"baseline: scheduled setpoints, no override"
274,7,3,20.75,21.350704643563233,12.007408385937474,0.0,3.2022494741576284,1.4798280673710709,85.40281857425293,24.0,21.0,24.042,-0.3129,1.0,0,"baseline: scheduled setpoints, no override"
275,7,3,21.0,15.38022891788582,8.650998907070244,0.0,0.588183227347445,1.4798280673710709,61.52091567154328,24.0,21.0,24.001,-0.3366,1.0,0,"baseline: scheduled setpoints, no override"
276,7,3,21.25,5.401132749782597,0.0,0.0,0.0,0.7399140336855354,21.60453099913039,26.7,15.6,24.775,-0.2011,1.0,0,"baseline: scheduled setpoints, no override"
277,7,3,21.5,5.400806004769311,0.0,0.0,0.0,0.7399140336855354,21.603224019077246,26.7,15.6,25.48,-0.0499,1.0,0,"baseline: scheduled setpoints, no override"
278,7,3,21.75,5.400806004769311,0.0,0.0,0.0,0.7399140336855354,21.603224019077246,26.7,15.6,25.868,0.0453,1.0,0,"baseline: scheduled setpoints, no override"
279,7,3,22.0,5.400806004769311,0.0,0.0,0.0,0.7399140336855354,21.603224019077246,26.7,15.6,25.973,0.083,1.0,0,"baseline: scheduled setpoints, no override"
280,7,3,22.25,5.030848987926544,0.0,0.0,0.0,0.3699570168427677,20.123395951706176,26.7,15.6,25.983,0.0985,1.0,0,"baseline: scheduled setpoints, no override"
281,7,3,22.5,5.030686389287992,0.0,0.0,0.0,0.3699570168427677,20.12274555715197,26.7,15.6,26.006,0.114,1.0,0,"baseline: scheduled setpoints, no override"
282,7,3,22.75,5.030686389287992,0.0,0.0,0.0,0.3699570168427677,20.12274555715197,26.7,15.6,26.05,0.1331,1.0,0,"baseline: scheduled setpoints, no override"
283,7,3,23.0,5.030686389287992,0.0,0.0,0.0,0.3699570168427677,20.12274555715197,26.7,15.6,26.094,0.1524,1.0,0,"baseline: scheduled setpoints, no override"
284,7,3,23.25,3.380300275214156,0.0,0.0,0.0,0.42902242127888573,13.521201100856624,26.7,15.6,26.049,0.1504,1.0,0,"baseline: scheduled setpoints, no override"
285,7,3,23.5,3.2194316745877134,0.0,0.0,0.0,0.26813901328740164,12.877726698350854,26.7,15.6,25.983,0.1424,1.0,0,"baseline: scheduled setpoints, no override"
286,7,3,23.75,3.2193913687191618,0.0,0.0,0.0,0.26813901328740164,12.877565474876647,26.7,15.6,25.942,0.1372,1.0,0,"baseline: scheduled setpoints, no override"
287,7,3,24.0,3.2193913687191618,0.0,0.0,0.0,0.26813901328740164,12.877565474876647,26.7,15.6,25.924,0.1353,1.0,0,"baseline: scheduled setpoints, no override"
288,7,4,0.25,3.2193913687191618,0.0,0.0,0.0,0.26813901328740164,12.877565474876647,26.7,15.6,25.918,0.1371,1.0,0,"baseline: scheduled setpoints, no override"
289,7,4,0.5,3.2193913687191618,0.0,0.0,0.0,0.26813901328740164,12.877565474876647,26.7,15.6,25.915,0.1397,1.0,0,"baseline: scheduled setpoints, no override"
290,7,4,0.75,3.2193913687191618,0.0,0.0,0.0,0.26813901328740164,12.877565474876647,26.7,15.6,25.912,0.1424,1.0,0,"baseline: scheduled setpoints, no override"
291,7,4,1.0,3.2193913687191618,0.0,0.0,0.0,0.26813901328740164,12.877565474876647,26.7,15.6,25.909,0.1453,1.0,0,"baseline: scheduled setpoints, no override"
292,7,4,1.25,3.2193913687191618,0.0,0.0,0.0,0.26813901328740164,12.877565474876647,26.7,15.6,25.909,0.149,1.0,0,"baseline: scheduled setpoints, no override"
293,7,4,1.5,3.2193913687191618,0.0,0.0,0.0,0.26813901328740164,12.877565474876647,26.7,15.6,25.914,0.1532,1.0,0,"baseline: scheduled setpoints, no override"
294,7,4,1.75,3.2193913687191618,0.0,0.0,0.0,0.26813901328740164,12.877565474876647,26.7,15.6,25.92,0.1578,1.0,0,"baseline: scheduled setpoints, no override"
295,7,4,2.0,3.2193913687191618,0.0,0.0,0.0,0.26813901328740164,12.877565474876647,26.7,15.6,25.927,0.1625,1.0,0,"baseline: scheduled setpoints, no override"
296,7,4,2.25,3.2193913687191618,0.0,0.0,0.0,0.26813901328740164,12.877565474876647,26.7,15.6,25.934,0.1676,1.0,0,"baseline: scheduled setpoints, no override"
297,7,4,2.5,3.2193913687191618,0.0,0.0,0.0,0.26813901328740164,12.877565474876647,26.7,15.6,25.942,0.1727,1.0,0,"baseline: scheduled setpoints, no override"
298,7,4,2.75,3.2193913687191618,0.0,0.0,0.0,0.26813901328740164,12.877565474876647,26.7,15.6,25.95,0.1777,1.0,0,"baseline: scheduled setpoints, no override"
299,7,4,3.0,3.2193913687191618,0.0,0.0,0.0,0.26813901328740164,12.877565474876647,26.7,15.6,25.959,0.1826,1.0,0,"baseline: scheduled setpoints, no override"
300,7,4,3.25,3.2193913687191618,0.0,0.0,0.0,0.26813901328740164,12.877565474876647,26.7,15.6,25.967,0.1876,1.0,0,"baseline: scheduled setpoints, no override"
301,7,4,3.5,3.2193913687191618,0.0,0.0,0.0,0.26813901328740164,12.877565474876647,26.7,15.6,25.976,0.1928,1.0,0,"baseline: scheduled setpoints, no override"
302,7,4,3.75,3.2193913687191618,0.0,0.0,0.0,0.26813901328740164,12.877565474876647,26.7,15.6,25.985,0.198,1.0,0,"baseline: scheduled setpoints, no override"
303,7,4,4.0,3.2193913687191618,0.0,0.0,0.0,0.26813901328740164,12.877565474876647,26.7,15.6,25.994,0.2034,1.0,0,"baseline: scheduled setpoints, no override"
304,7,4,4.25,3.2193913687191618,0.0,0.0,0.0,0.26813901328740164,12.877565474876647,26.7,15.6,25.998,0.207,1.0,0,"baseline: scheduled setpoints, no override"
305,7,4,4.5,3.2193913687191618,0.0,0.0,0.0,0.26813901328740164,12.877565474876647,26.7,15.6,25.996,0.2095,1.0,0,"baseline: scheduled setpoints, no override"
306,7,4,4.75,3.2193913687191618,0.0,0.0,0.0,0.26813901328740164,12.877565474876647,26.7,15.6,25.992,0.2114,1.0,0,"baseline: scheduled setpoints, no override"
307,7,4,5.0,3.2193913687191618,0.0,0.0,0.0,0.26813901328740164,12.877565474876647,26.7,15.6,25.988,0.2131,1.0,0,"baseline: scheduled setpoints, no override"
308,7,4,5.25,4.500698645301058,0.0,0.0,0.0,0.26813901328740164,18.00279458120423,26.7,15.6,26.016,0.221,1.0,0,"baseline: scheduled setpoints, no override"
309,7,4,5.5,4.602516648856424,0.0,0.0,0.0,0.3699570168427677,18.410066595425697,26.7,15.6,26.044,0.2294,1.0,0,"baseline: scheduled setpoints, no override"
310,7,4,5.75,3.283282355195339,0.0,0.0,0.0,0.3598155153627407,13.133129420781357,26.7,15.6,26.064,0.239,1.0,0,"baseline: scheduled setpoints, no override"
311,7,4,6.0,3.271692826650959,0.0,0.0,0.0,0.3482291964438547,13.086771306603836,26.7,15.6,26.074,0.2448,1.0,0,"baseline: scheduled setpoints, no override"
312,7,4,6.25,3.263109518246218,0.0,0.0,0.0,0.33964955449568346,13.052438072984872,26.7,15.6,26.093,0.255,1.0,0,"baseline: scheduled setpoints, no override"
313,7,4,6.5,3.254320781417905,0.0,0.0,0.0,0.33086353237371985,13.01728312567162,26.7,15.6,26.126,0.268,1.0,0,"baseline: scheduled setpoints, no override"
314,7,4,6.75,3.2197238641895423,0.0,0.0,0.0,0.29626939489184617,12.878895456758169,26.7,15.6,26.197,0.2986,1.0,0,"baseline: scheduled setpoints, no override"
315,7,4,7.0,3.2158064312719734,0.0,0.0,0.0,0.29236290439682033,12.863225725087894,26.7,15.6,26.321,0.3441,0.9333,1,"baseline: scheduled setpoints, no override"
316,7,4,7.25,3.2145012815065432,0.0,0.0,0.0,0.2910589900304618,12.858005126026173,26.7,15.6,26.471,0.3924,0.8667,1,"baseline: scheduled setpoints, no override"
317,7,4,7.5,3.2145008691647803,0.0,0.0,0.0,0.2910589900304618,12.858003476659121,26.7,15.6,26.622,0.4426,0.7333,1,"baseline: scheduled setpoints, no override"
318,7,4,7.75,8.22414839902968,4.674062025200835,0.0,0.33558550466406534,0.2910589900304618,32.89659359611872,26.7,15.6,26.196,0.3605,0.8,1,"baseline: scheduled setpoints, no override"
319,7,4,8.0,8.324601356285996,4.7745149824571484,0.0,0.33558550466406534,0.2910589900304618,33.29840542514398,26.7,15.6,25.778,0.2579,0.9333,1,"baseline: scheduled setpoints, no override"
320,7,4,8.25,3.2145008691647803,0.0,0.0,0.0,0.2910589900304618,12.858003476659121,26.7,15.6,26.088,0.2973,0.8667,1,"baseline: scheduled setpoints, no override"
321,7,4,8.5,3.2145008691647803,0.0,0.0,0.0,0.2910589900304618,12.858003476659121,26.7,15.6,26.497,0.3793,0.8,1,"baseline: scheduled setpoints, no override"
322,7,4,8.75,3.2145008691647803,0.0,0.0,0.0,0.2910589900304618,12.858003476659121,26.7,15.6,26.783,0.4538,0.6,1,"baseline: scheduled setpoints, no override"
323,7,4,9.0,7.596401679325371,4.046315305496526,0.0,0.33558550466406534,0.2910589900304618,30.385606717301485,26.7,15.6,26.402,0.3941,0.8,1,"baseline: scheduled setpoints, no override"
324,7,4,9.25,7.685521898817319,4.135435524988473,0.0,0.33558550466406534,0.2910589900304618,30.742087595269275,26.7,15.6,25.988,0.3108,0.8667,1,"baseline: scheduled setpoints, no override"
325,7,4,9.5,3.2145008691647803,0.0,0.0,0.0,0.2910589900304618,12.858003476659121,26.7,15.6,26.343,0.3688,0.8,1,"baseline: scheduled setpoints, no override"
326,7,4,9.75,5.2442648409829555,1.8236075415434747,0.0,0.20615643027470157,0.2910589900304618,20.977059363931822,26.7,15.6,26.575,0.4201,0.6,1,"baseline: scheduled setpoints, no override"
327,7,4,10.0,9.790248539209538,6.034005735105987,0.0,0.5417419349387669,0.2910589900304618,39.16099415683815,26.7,15.6,26.044,0.3211,0.8667,1,"baseline: scheduled setpoints, no override"
328,7,4,10.25,7.453606508660156,3.9035201348313113,0.0,0.33558550466406534,0.2910589900304618,29.814426034640626,26.7,15.6,25.875,0.274,1.0,1,"baseline: scheduled setpoints, no override"
329,7,4,10.5,3.2145008691647803,0.0,0.0,0.0,0.2910589900304618,12.858003476659121,26.7,15.6,26.484,0.3821,0.8,1,"baseline: scheduled setpoints, no override"
330,7,4,10.75,3.2145008691647803,0.0,0.0,0.0,0.2910589900304618,12.858003476659121,26.7,15.6,27.098,0.5185,0.2667,1,"baseline: scheduled setpoints, no override"
331,7,4,11.0,9.808434555725992,6.052191751622442,0.0,0.5417419349387669,0.2910589900304618,39.233738222903966,26.7,15.6,26.47,0.4165,0.5333,1,"baseline: scheduled setpoints, no override"
332,7,4,11.25,9.600121574012409,5.84387876990886,0.0,0.5417419349387669,0.2910589900304618,38.400486296049635,26.7,15.6,25.915,0.2979,0.9333,1,"baseline: scheduled setpoints, no override"
333,7,4,11.5,3.2145008691647803,0.0,0.0,0.0,0.2910589900304618,12.858003476659121,26.7,15.6,26.497,0.3904,0.6,1,"baseline: scheduled setpoints, no override"
334,7,4,11.75,7.741801056658787,4.19171468282994,0.0,0.33558550466406534,0.2910589900304618,30.967204226635147,26.7,15.6,26.579,0.4147,0.6,1,"baseline: scheduled setpoints, no override"
335,7,4,12.0,9.429043820178263,5.6728010160747155,0.0,0.5417419349387669,0.2910589900304618,37.71617528071305,26.7,15.6,26.232,0.3417,0.8667,1,"baseline: scheduled setpoints, no override"
336,7,4,12.25,5.255981270986395,1.8353239715469136,0.0,0.20615643027470157,0.2910589900304618,21.02392508394558,26.7,15.6,26.428,0.365,0.6,1,"baseline: scheduled setpoints, no override"
337,7,4,12.5,7.767785016675225,4.217698642846378,0.0,0.33558550466406534,0.2910589900304618,31.0711400667009,26.7,15.6,26.372,0.3515,0.7333,1,"baseline: scheduled setpoints, no override"
338,7,4,12.75,6.72261776006661,3.172531386237763,0.0,0.33558550466406534,0.2910589900304618,26.89047104026644,26.7,15.6,26.42,0.3624,0.8667,1,"baseline: scheduled setpoints, no override"
339,7,4,13.0,5.169377820860159,1.748720521420677,0.0,0.20615643027470157,0.2910589900304618,20.677511283440637,26.7,15.6,26.721,0.4203,0.5333,1,"baseline: scheduled setpoints, no override"
340,7,4,13.25,8.965360422916985,5.198851192000903,0.0,0.5520083617513042,0.2910589900304618,35.86144169166794,26.7,15.6,26.27,0.348,0.6,1,"baseline: scheduled setpoints, no override"
341,7,4,13.5,6.717435529206994,3.167349155378147,0.0,0.33558550466406534,0.2910589900304618,26.869742116827975,26.7,15.6,26.329,0.351,0.7333,1,"baseline: scheduled setpoints, no override"
342,7,4,13.75,3.2145008691647803,0.0,0.0,0.0,0.2910589900304618,12.858003476659121,26.7,15.6,27.074,0.4938,0.3333,1,"baseline: scheduled setpoints, no override"
343,7,4,14.0,9.135580823376525,5.338320010459506,0.0,0.5827599437522387,0.2910589900304618,36.5423232935061,26.7,15.6,26.518,0.4146,0.5333,1,"baseline: scheduled setpoints, no override"
344,7,4,14.25,8.772324408794224,5.016081604690678,0.0,0.5417419349387669,0.2910589900304618,35.0892976351769,26.7,15.6,26.229,0.3548,0.6667,1,"baseline: scheduled setpoints, no override"
345,7,4,14.5,3.2145008691647803,0.0,0.0,0.0,0.2910589900304618,12.858003476659121,26.7,15.6,27.07,0.514,0.4,1,"baseline: scheduled setpoints, no override"
346,7,4,14.75,9.555340583786553,5.707211925397871,0.0,0.6336277892239005,0.2910589900304618,38.22136233514621,26.7,15.6,26.525,0.4364,0.4,1,"baseline: scheduled setpoints, no override"
347,7,4,15.0,8.87478843011386,5.118545626010313,0.0,0.5417419349387669,0.2910589900304618,35.49915372045544,26.7,15.6,26.298,0.379,0.6,1,"baseline: scheduled setpoints, no override"
348,7,4,15.25,3.2145008691647803,0.0,0.0,0.0,0.2910589900304618,12.858003476659121,26.7,15.6,27.144,0.5301,0.4,1,"baseline: scheduled setpoints, no override"
349,7,4,15.5,9.56212132778333,5.713311255698126,0.0,0.6343092029204235,0.2910589900304618,38.24848531113332,26.7,15.6,26.544,0.4356,0.4,1,"baseline: scheduled setpoints, no override"
350,7,4,15.75,8.788306832023697,5.032064027920148,0.0,0.5417419349387669,0.2910589900304618,35.153227328094786,26.7,15.6,26.289,0.3696,0.6667,1,"baseline: scheduled setpoints, no override"
351,7,4,16.0,3.2145008691647803,0.0,0.0,0.0,0.2910589900304618,12.858003476659121,26.7,15.6,27.097,0.5111,0.4,1,"baseline: scheduled setpoints, no override"
352,7,4,16.25,9.383608430826444,5.548457341741557,0.0,0.6206502199201069,0.2910589900304618,37.534433723305774,26.7,15.6,26.532,0.4217,0.4667,1,"baseline: scheduled setpoints, no override"
353,7,4,16.5,8.658448275855353,4.902205471751804,0.0,0.5417419349387669,0.2910589900304618,34.63379310342141,26.7,15.6,26.26,0.3497,0.6667,1,"baseline: scheduled setpoints, no override"
354,7,4,16.75,3.2145008691647803,0.0,0.0,0.0,0.2910589900304618,12.858003476659121,26.7,15.6,27.016,0.4793,0.4,1,"baseline: scheduled setpoints, no override"
355,7,4,17.0,9.050074959622549,5.234298767038184,0.0,0.6012753234195843,0.2910589900304618,36.200299838490196,26.7,15.6,26.506,0.3982,0.6,1,"baseline: scheduled setpoints, no override"
356,7,4,17.25,8.002212020317181,4.76134654527871,0.0,0.5417419349387669,0.3375279477154128,32.008848081268724,26.7,15.6,26.201,0.3208,0.6667,1,"baseline: scheduled setpoints, no override"
357,7,4,17.5,2.603854880734412,0.0,0.0,0.0,0.24224765174848037,10.415419522937649,26.7,15.6,26.897,0.4362,0.4667,1,"baseline: scheduled setpoints, no override"
358,7,4,17.75,8.120849213582606,4.940372519063033,0.0,0.5766456659808168,0.24224765174848037,32.48339685433042,26.7,15.6,26.444,0.3582,0.6667,1,"baseline: scheduled setpoints, no override"
359,7,4,18.0,7.761341448302547,4.615768484825024,0.0,0.5417419349387669,0.24224765174848037,31.045365793210188,26.7,15.6,26.112,0.2715,0.8667,1,"baseline: scheduled setpoints, no override"
360,7,4,18.25,2.6052489946038864,0.0,0.0,0.0,0.24366561781361165,10.420995978415545,26.7,15.6,26.71,0.3614,0.6667,1,"baseline: scheduled setpoints, no override"
361,7,4,18.5,6.114677046900593,3.16744706770187,0.0,0.3382772222166407,0.24736902543913417,24.458708187602372,26.7,15.6,26.614,0.3448,0.8,1,"baseline: scheduled setpoints, no override"
362,7,4,18.75,7.639088616744859,4.482668230177775,0.0,0.5417419349387669,0.2530937935204723,30.556354466979435,26.7,15.6,26.179,0.2484,0.9333,1,"baseline: scheduled setpoints, no override"
363,7,4,19.0,4.363469330591544,1.5309811500390256,0.0,0.20615643027470157,0.2647456597878573,17.453877322366175,26.7,15.6,26.317,0.2543,0.8667,0,"baseline: scheduled setpoints, no override"
364,7,4,19.25,4.417031525391091,1.5922937288856684,0.0,0.17754520075072397,0.2856035895460122,17.668126101564365,26.7,15.6,26.52,0.2863,0.9333,0,"baseline: scheduled setpoints, no override"
365,7,4,19.5,6.65233775986102,2.9205940151868615,0.0,0.33558550466406534,0.26813901328740164,26.60935103944408,26.7,15.6,26.354,0.2451,1.0,0,"baseline: scheduled setpoints, no override"
366,7,4,19.75,4.955303146221924,1.4011089735894204,0.0,0.15804030391334134,0.26813901328740164,19.821212584887697,26.7,15.6,26.407,0.245,1.0,0,"baseline: scheduled setpoints, no override"
367,7,4,20.0,5.039225939338885,1.4369156403450214,0.0,0.20615643027470157,0.26813901328740164,20.15690375735554,26.7,15.6,26.502,0.259,0.8667,0,"baseline: scheduled setpoints, no override"
368,7,4,20.25,6.759478499839941,2.9796230000953527,0.0,0.38370163102542554,0.26813901328740164,27.037913999359763,26.7,15.6,26.208,0.205,1.0,0,"baseline: scheduled setpoints, no override"
369,7,4,20.5,6.572745160038784,2.8410057866555576,0.0,0.33558550466406534,0.26813901328740164,26.290980640155137,26.7,15.6,25.959,0.1487,1.0,0,"baseline: scheduled setpoints, no override"
370,7,4,20.75,4.930172537067974,1.3759783644354708,0.0,0.15804030391334134,0.26813901328740164,19.720690148271895,26.7,15.6,26.112,0.1644,1.0,0,"baseline: scheduled setpoints, no override"
371,7,4,21.0,3.3961538687191615,0.0,0.0,0.0,0.26813901328740164,13.584615474876646,26.7,15.6,26.57,0.2488,0.9333,0,"baseline: scheduled setpoints, no override"
372,7,4,21.25,4.995733374793117,1.422034305323232,0.0,0.17754520075072397,0.26813901328740164,19.982933499172468,26.7,15.6,26.596,0.2625,1.0,0,"baseline: scheduled setpoints, no override"
373,7,4,21.5,5.035407361458703,1.4617082919888176,0.0,0.17754520075072397,0.26813901328740164,20.141629445834813,26.7,15.6,26.482,0.2442,1.0,0,"baseline: scheduled setpoints, no override"
374,7,4,21.75,4.874751236468962,1.3205570638364585,0.0,0.15804030391334134,0.26813901328740164,19.499004945875846,26.7,15.6,26.371,0.2211,1.0,0,"baseline: scheduled setpoints, no override"
375,7,4,22.0,4.916528296502611,1.362334123870107,0.0,0.15804030391334134,0.26813901328740164,19.666113186010445,26.7,15.6,26.33,0.2144,1.0,0,"baseline: scheduled setpoints, no override"
376,7,4,22.25,3.3961538687191615,0.0,0.0,0.0,0.26813901328740164,13.584615474876646,26.7,15.6,26.569,0.2594,0.9333,0,"baseline: scheduled setpoints, no override"
377,7,4,22.5,5.632622403145472,2.0589233336755863,0.0,0.17754520075072397,0.26813901328740164,22.53048961258189,26.7,15.6,26.491,0.2524,1.0,0,"baseline: scheduled setpoints, no override"
378,7,4,22.75,5.674425944885191,2.1007268754153055,0.0,0.17754520075072397,0.26813901328740164,22.697703779540763,26.7,15.6,26.351,0.2275,1.0,0,"baseline: scheduled setpoints, no override"
379,7,4,23.0,3.3961538687191615,0.0,0.0,0.0,0.26813901328740164,13.584615474876646,26.7,15.6,26.504,0.2516,1.0,0,"baseline: scheduled setpoints, no override"
380,7,4,23.25,4.000684730120568,0.0,0.0,0.0,0.26813901328740164,16.002738920482273,26.7,15.6,26.707,0.2958,1.0,0,"baseline: scheduled setpoints, no override"
381,7,4,23.5,4.000684730120568,0.0,0.0,0.0,0.26813901328740164,16.002738920482273,26.7,15.6,26.83,0.3269,1.0,0,"baseline: scheduled setpoints, no override"
382,7,4,23.75,4.000684730120568,0.0,0.0,0.0,0.26813901328740164,16.002738920482273,26.7,15.6,26.868,0.3406,1.0,0,"baseline: scheduled setpoints, no override"
383,7,4,24.0,4.000684730120568,0.0,0.0,0.0,0.26813901328740164,16.002738920482273,26.7,15.6,26.868,0.3461,1.0,0,"baseline: scheduled setpoints, no override"
384,7,5,0.25,4.000684730120568,0.0,0.0,0.0,0.26813901328740164,16.002738920482273,26.7,15.6,26.861,0.3483,1.0,0,"baseline: scheduled setpoints, no override"
385,7,5,0.5,4.000684730120568,0.0,0.0,0.0,0.26813901328740164,16.002738920482273,26.7,15.6,26.855,0.3499,1.0,0,"baseline: scheduled setpoints, no override"
386,7,5,0.75,4.000684730120568,0.0,0.0,0.0,0.26813901328740164,16.002738920482273,26.7,15.6,26.849,0.3509,1.0,0,"baseline: scheduled setpoints, no override"
387,7,5,1.0,4.000684730120568,0.0,0.0,0.0,0.26813901328740164,16.002738920482273,26.7,15.6,26.841,0.3509,1.0,0,"baseline: scheduled setpoints, no override"
388,7,5,1.25,4.000684730120568,0.0,0.0,0.0,0.26813901328740164,16.002738920482273,26.7,15.6,26.836,0.3525,1.0,0,"baseline: scheduled setpoints, no override"
389,7,5,1.5,4.000684730120568,0.0,0.0,0.0,0.26813901328740164,16.002738920482273,26.7,15.6,26.837,0.3549,1.0,0,"baseline: scheduled setpoints, no override"
390,7,5,1.75,4.000684730120568,0.0,0.0,0.0,0.26813901328740164,16.002738920482273,26.7,15.6,26.84,0.3578,1.0,0,"baseline: scheduled setpoints, no override"
391,7,5,2.0,4.000684730120568,0.0,0.0,0.0,0.26813901328740164,16.002738920482273,26.7,15.6,26.843,0.3609,0.9333,0,"baseline: scheduled setpoints, no override"
392,7,5,2.25,4.000684730120568,0.0,0.0,0.0,0.26813901328740164,16.002738920482273,26.7,15.6,26.84,0.3619,0.9333,0,"baseline: scheduled setpoints, no override"
393,7,5,2.5,4.000684730120568,0.0,0.0,0.0,0.26813901328740164,16.002738920482273,26.7,15.6,26.831,0.3617,1.0,0,"baseline: scheduled setpoints, no override"
394,7,5,2.75,4.000684730120568,0.0,0.0,0.0,0.26813901328740164,16.002738920482273,26.7,15.6,26.82,0.3608,1.0,0,"baseline: scheduled setpoints, no override"
395,7,5,3.0,4.000684730120568,0.0,0.0,0.0,0.26813901328740164,16.002738920482273,26.7,15.6,26.808,0.3597,1.0,0,"baseline: scheduled setpoints, no override"
396,7,5,3.25,4.000684730120568,0.0,0.0,0.0,0.26813901328740164,16.002738920482273,26.7,15.6,26.796,0.359,1.0,0,"baseline: scheduled setpoints, no override"
397,7,5,3.5,4.000684730120568,0.0,0.0,0.0,0.26813901328740164,16.002738920482273,26.7,15.6,26.784,0.3584,1.0,0,"baseline: scheduled setpoints, no override"
398,7,5,3.75,4.000684730120568,0.0,0.0,0.0,0.26813901328740164,16.002738920482273,26.7,15.6,26.772,0.3578,1.0,0,"baseline: scheduled setpoints, no override"
399,7,5,4.0,4.000684730120568,0.0,0.0,0.0,0.26813901328740164,16.002738920482273,26.7,15.6,26.76,0.3573,1.0,0,"baseline: scheduled setpoints, no override"
400,7,5,4.25,12.452563751611152,7.8124349117082454,0.0,0.6394441097823378,0.26813901328740164,49.810255006444606,25.6,17.8,25.666,0.1466,1.0,0,"baseline: scheduled setpoints, no override"
401,7,5,4.5,9.979136870241076,5.4367102051817415,0.0,0.5417419349387669,0.26813901328740164,39.916547480964304,25.6,17.8,25.099,0.0061,1.0,0,"baseline: scheduled setpoints, no override"
402,7,5,4.75,4.000684730120568,0.0,0.0,0.0,0.26813901328740164,16.002738920482273,25.6,17.8,25.671,0.0866,1.0,0,"baseline: scheduled setpoints, no override"
403,7,5,5.0,4.000684730120568,0.0,0.0,0.0,0.26813901328740164,16.002738920482273,25.6,17.8,26.277,0.206,1.0,0,"baseline: scheduled setpoints, no override"
404,7,5,5.25,16.08337917975739,9.756503290636953,0.0,0.8553521626718831,0.26813901328740164,64.33351671902956,25.0,20.0,25.144,0.0001,1.0,0,"baseline: scheduled setpoints, no override"
405,7,5,5.5,11.799940918058702,5.314900236273247,0.0,0.5417419349387669,0.7399140336855354,47.19976367223481,25.0,20.0,24.793,-0.1012,1.0,0,"baseline: scheduled setpoints, no override"
406,7,5,5.75,10.864581652310605,5.725843740753655,0.0,0.5417419349387669,0.7025290055344059,43.45832660924242,25.0,20.0,24.92,-0.0944,1.0,0,"baseline: scheduled setpoints, no override"
407,7,5,6.0,11.153691935399612,6.0480675166700735,0.0,0.5502262765164678,0.6609476255198717,44.61476774159845,25.0,20.0,24.963,-0.0955,1.0,0,"baseline: scheduled setpoints, no override"
408,7,5,6.25,26.753969651875007,15.142425204899885,0.0,3.0342347911811505,1.8621530373779485,107.01587860750003,24.0,21.0,24.145,-0.246,1.0,0,"baseline: scheduled setpoints, no override"
409,7,5,6.5,20.220723551018374,10.814585930276907,0.0,0.8972903558311757,1.7931577424493177,80.8828942040735,24.0,21.0,24.011,-0.3001,1.0,0,"baseline: scheduled setpoints, no override"
410,7,5,6.75,22.897356568464026,13.127647490005277,0.0,1.2988439977252966,1.7552063150649508,91.5894262738561,24.0,21.0,24.0,-0.3064,1.0,0,"baseline: scheduled setpoints, no override"
411,7,5,7.0,22.806856977888245,13.099504561276792,0.0,1.245356621106313,1.7463539401827715,91.22742791155298,24.0,21.0,23.999,-0.3066,1.0,1,"baseline: scheduled setpoints, no override"
412,7,5,7.25,43.995895528700586,16.94927939666221,0.0,7.419265566875741,5.239061820548314,175.98358211480235,24.0,21.0,24.24,-0.2032,1.0,1,"baseline: scheduled setpoints, no override"
413,7,5,7.5,37.1662945439758,14.636827349134483,0.0,2.8975229194841785,5.239061820548314,148.6651781759032,24.0,21.0,24.031,-0.2175,1.0,1,"baseline: scheduled setpoints, no override"
414,7,5,7.75,35.33091314537403,13.339363324610545,0.0,2.3596055454063447,5.239061820548314,141.32365258149613,24.0,21.0,24.002,-0.2408,1.0,1,"baseline: scheduled setpoints, no override"
415,7,5,8.0,37.595740539382454,14.9747559126794,0.0,2.9890403513459196,5.239061820548314,150.38296215752982,24.0,21.0,23.998,-0.2524,1.0,1,"baseline: scheduled setpoints, no override"
416,7,5,8.25,34.776361786748105,14.639659889245475,0.0,2.6004088214942263,5.239061820548314,139.10544714699242,24.0,21.0,23.998,-0.2579,1.0,1,"baseline: scheduled setpoints, no override"
417,7,5,8.5,34.69211660909519,14.479324004717965,0.0,2.6764995283688267,5.239061820548314,138.76846643638075,24.0,21.0,23.999,-0.2573,1.0,1,"baseline: scheduled setpoints, no override"
418,7,5,8.75,34.622638166472406,14.374364513621629,0.0,2.71198057684238,5.239061820548314,138.49055266588962,24.0,21.0,23.999,-0.254,1.0,1,"baseline: scheduled setpoints, no override"
419,7,5,9.0,34.712589016494626,14.421679791412439,0.0,2.7546161490737817,5.239061820548314,138.8503560659785,24.0,21.0,23.999,-0.2505,1.0,1,"baseline: scheduled setpoints, no override"
420,7,5,9.25,34.02520500765046,14.307467963094545,0.0,2.6650557053567794,5.239061820548314,136.10082003060185,24.0,21.0,24.031,-0.24,1.0,1,"baseline: scheduled setpoints, no override"
421,7,5,9.5,34.401854966907486,14.592075019429275,0.0,2.7570986082790734,5.239061820548314,137.60741986762994,24.0,21.0,24.035,-0.2348,1.0,1,"baseline: scheduled setpoints, no override"
422,7,5,9.75,34.77980011259548,14.909083721347562,0.0,2.818035052048779,5.239061820548314,139.11920045038192,24.0,21.0,24.036,-0.2275,1.0,1,"baseline: scheduled setpoints, no override"
423,7,5,10.0,35.22977611269372,15.262873745705102,0.0,2.9142210277894853,5.239061820548314,140.91910445077488,24.0,21.0,24.036,-0.2206,1.0,1,"baseline: scheduled setpoints, no override"
424,7,5,10.25,36.61986917087027,15.923833876050274,0.0,3.1597422188115947,5.239061820548314,146.47947668348107,24.0,21.0,24.007,-0.2195,1.0,1,"baseline: scheduled setpoints, no override"
425,7,5,10.5,37.05694554158262,16.201187304971416,0.0,3.319465160602809,5.239061820548314,148.22778216633048,24.0,21.0,24.0,-0.215,1.0,1,"baseline: scheduled setpoints, no override"
426,7,5,10.75,37.47271861066259,16.40139516304643,0.0,3.535030371607762,5.239061820548314,149.89087444265036,24.0,21.0,23.999,-0.2121,1.0,1,"baseline: scheduled setpoints, no override"
427,7,5,11.0,37.78221942586417,16.584544312314314,0.0,3.661382037541451,5.239061820548314,151.12887770345668,24.0,21.0,23.999,-0.2093,1.0,1,"baseline: scheduled setpoints, no override"
428,7,5,11.25,36.803860463717555,16.188762174813075,0.0,2.8692702509720136,5.239061820548314,147.21544185487022,24.0,21.0,24.066,-0.1964,1.0,1,"baseline: scheduled setpoints, no override"
429,7,5,11.5,36.95122906067723,16.200277357698248,0.0,3.005123665046508,5.239061820548314,147.8049162427089,24.0,21.0,24.089,-0.1892,1.0,1,"baseline: scheduled setpoints, no override"
430,7,5,11.75,36.94327888901505,16.236935680344786,0.0,2.9605151707377897,5.239061820548314,147.7731155560602,24.0,21.0,24.093,-0.1896,1.0,1,"baseline: scheduled setpoints, no override"
431,7,5,12.0,36.94694287333921,16.249072768591,0.0,2.952042066815748,5.239061820548314,147.78777149335684,24.0,21.0,24.095,-0.1915,1.0,1,"baseline: scheduled setpoints, no override"
432,7,5,12.25,38.875729269725205,17.25030207644261,0.0,3.6861243141398274,5.239061820548314,155.50291707890082,24.0,21.0,24.02,-0.205,1.0,1,"baseline: scheduled setpoints, no override"
433,7,5,12.5,38.92986307814949,17.464752604517997,0.0,3.525807594488725,5.239061820548314,155.71945231259795,24.0,21.0,24.002,-0.212,1.0,1,"baseline: scheduled setpoints, no override"
434,7,5,12.75,39.38508749223948,17.72297229951603,0.0,3.7228123135806825,5.239061820548314,157.5403499689579,24.0,21.0,24.003,-0.2116,1.0,1,"baseline: scheduled setpoints, no override"
435,7,5,13.0,39.800762754902514,17.882429387689026,0.0,3.979030488070724,5.239061820548314,159.20305101961006,24.0,21.0,24.011,-0.2054,1.0,1,"baseline: scheduled setpoints, no override"
436,7,5,13.25,38.37762571153113,17.66809866341796,0.0,3.6568457089140325,5.239061820548314,153.51050284612452,24.0,21.0,24.034,-0.1972,1.0,1,"baseline: scheduled setpoints, no override"
437,7,5,13.5,38.506959603634556,17.650528951022505,0.0,3.803749313412912,5.239061820548314,154.02783841453822,24.0,21.0,24.036,-0.1952,1.0,1,"baseline: scheduled setpoints, no override"
438,7,5,13.75,38.79351941076001,17.702145321112713,0.0,4.038692750448155,5.239061820548314,155.17407764304005,24.0,21.0,24.04,-0.1891,1.0,1,"baseline: scheduled setpoints, no override"
439,7,5,14.0,39.03227684640789,17.752248556985414,0.0,4.227346950223332,5.239061820548314,156.12910738563156,24.0,21.0,24.043,-0.185,1.0,1,"baseline: scheduled setpoints, no override"
440,7,5,14.25,39.58911727887391,17.758147674223945,0.0,4.778288265450827,5.239061820548314,158.35646911549563,24.0,21.0,24.037,-0.1813,1.0,1,"baseline: scheduled setpoints, no override"
441,7,5,14.5,39.65993320935588,17.775020731802243,0.0,4.832231138354495,5.239061820548314,158.6397328374235,24.0,21.0,24.044,-0.1763,1.0,1,"baseline: scheduled setpoints, no override"
442,7,5,14.75,39.81317458211139,17.765402462252084,0.0,4.995090780660162,5.239061820548314,159.25269832844555,24.0,21.0,24.047,-0.1762,1.0,1,"baseline: scheduled setpoints, no override"
443,7,5,15.0,39.89646259883079,17.751620195655764,0.0,5.092161063975884,5.239061820548314,159.58585039532315,24.0,21.0,24.047,-0.1784,1.0,1,"baseline: scheduled setpoints, no override"
444,7,5,15.25,40.2534801096872,17.671644457311306,0.0,4.803736696937325,5.239061820548314,161.0139204387488,24.0,21.0,24.032,-0.1867,1.0,1,"baseline: scheduled setpoints, no override"
445,7,5,15.5,39.48947427241663,17.444351982655686,0.0,4.267023334322364,5.239061820548314,157.95789708966652,24.0,21.0,24.019,-0.1972,1.0,1,"baseline: scheduled setpoints, no override"
446,7,5,15.75,38.55315804719589,17.153874530282092,0.0,3.6211845614752156,5.239061820548314,154.21263218878357,24.0,21.0,24.005,-0.2139,1.0,1,"baseline: scheduled setpoints, no override"
447,7,5,16.0,37.48020283271754,16.666094173568293,0.0,3.036009703710656,5.239061820548314,149.92081133087015,24.0,21.0,23.999,-0.2307,1.0,1,"baseline: scheduled setpoints, no override"
448,7,5,16.25,29.038756731285314,14.257438069537486,0.0,2.001541839607124,2.9105899003046205,116.15502692514126,24.0,21.0,24.02,-0.2517,1.0,1,"baseline: scheduled setpoints, no override"
449,7,5,16.5,27.75699687121518,13.100345818961806,0.0,1.8782537154338848,2.9105899003046205,111.02798748486072,24.0,21.0,24.018,-0.2716,1.0,1,"baseline: scheduled setpoints, no override"
450,7,5,16.75,26.82554793574498,12.278540270276276,0.0,1.76861032864922,2.9105899003046205,107.30219174297991,24.0,21.0,24.002,-0.288,1.0,1,"baseline: scheduled setpoints, no override"
451,7,5,17.0,25.853735636820762,11.441224185900609,0.0,1.6341141141006714,2.9105899003046205,103.41494254728305,24.0,21.0,23.999,-0.3012,1.0,1,"baseline: scheduled setpoints, no override"
452,7,5,17.25,16.915678956231393,9.25946098614367,0.0,1.0343917780358614,1.759288207402995,67.66271582492557,24.0,21.0,23.999,-0.321,1.0,1,"baseline: scheduled setpoints, no override"
453,7,5,17.5,19.446438383296055,11.834991914008754,0.0,0.9644415785395242,1.7849812314533993,77.78575353318422,24.0,21.0,23.999,-0.3357,1.0,1,"baseline: scheduled setpoints, no override"
454,7,5,17.75,18.348377693059984,10.782891541708944,0.0,0.9095168377604349,1.7939342310894957,73.39351077223994,24.0,21.0,24.0,-0.3458,1.0,1,"baseline: scheduled setpoints, no override"
455,7,5,18.0,17.44394964796202,9.916652718671129,0.0,0.862665916302529,1.802591949366455,69.77579859184809,24.0,21.0,24.0,-0.3542,1.0,1,"baseline: scheduled setpoints, no override"
456,7,5,18.25,16.061177372646874,9.227036997986668,0.0,0.8062795006403365,1.8105553132367904,64.2447094905875,24.0,21.0,24.0,-0.3618,1.0,1,"baseline: scheduled setpoints, no override"
457,7,5,18.5,15.588974982501059,8.74322836144529,0.0,0.775422036093557,1.8530154852819178,62.355899930004234,24.0,21.0,24.0,-0.3695,1.0,1,"baseline: scheduled setpoints, no override"
458,7,5,18.75,15.19414827355764,8.294590030256774,0.0,0.7488170869426409,1.9334131834460464,60.77659309423056,24.0,21.0,24.0,-0.3779,1.0,1,"baseline: scheduled setpoints, no override"
459,7,5,19.0,14.8321307978094,7.864020389900495,0.0,0.7246425827983641,2.0261040973435875,59.3285231912376,24.0,21.0,24.0,-0.3859,1.0,0,"baseline: scheduled setpoints, no override"
460,7,5,19.25,14.079911307366018,7.744790929253713,0.0,0.6958389735682406,1.4218764244862683,56.31964522946407,24.0,21.0,24.0,-0.3937,1.0,0,"baseline: scheduled setpoints, no override"
461,7,5,19.5,14.861931271828148,7.725013860693416,0.0,0.6735276923253334,1.4798280673710709,59.44772508731259,24.0,21.0,24.0,-0.402,1.0,0,"baseline: scheduled setpoints, no override"
462,7,5,19.75,14.819917475229035,7.698570261032041,0.0,0.6579318197256795,1.4798280673710709,59.27966990091614,24.0,21.0,24.0,-0.4073,1.0,0,"baseline: scheduled setpoints, no override"
463,7,5,20.0,14.801186384507261,7.692607016705872,0.0,0.645163973330074,1.4798280673710709,59.204745538029044,24.0,21.0,24.0,-0.4119,1.0,0,"baseline: scheduled setpoints, no override"
464,7,5,20.25,14.223726574534462,7.457660694599092,0.0,0.62501909646724,1.4798280673710709,56.89490629813785,24.0,21.0,24.0,-0.4164,1.0,0,"baseline: scheduled setpoints, no override"
465,7,5,20.5,14.007942063977563,7.254519364312428,0.0,0.6123759161970024,1.4798280673710709,56.03176825591025,24.0,21.0,24.0,-0.4204,1.0,0,"baseline: scheduled setpoints, no override"
466,7,5,20.75,13.883275491302873,7.139536869303835,0.0,0.6026918385309081,1.4798280673710709,55.53310196521149,24.0,21.0,24.0,-0.4239,1.0,0,"baseline: scheduled setpoints, no override"
467,7,5,21.0,13.76662114006177,7.031770482703895,0.0,0.593803873889744,1.4798280673710709,55.06648456024708,24.0,21.0,24.0,-0.4273,1.0,0,"baseline: scheduled setpoints, no override"
468,7,5,21.25,5.401132749782597,0.0,0.0,0.0,0.7399140336855354,21.60453099913039,26.7,15.6,24.743,-0.2886,1.0,0,"baseline: scheduled setpoints, no override"
469,7,5,21.5,5.400806004769311,0.0,0.0,0.0,0.7399140336855354,21.603224019077246,26.7,15.6,25.406,-0.1446,1.0,0,"baseline: scheduled setpoints, no override"
470,7,5,21.75,5.400806004769311,0.0,0.0,0.0,0.7399140336855354,21.603224019077246,26.7,15.6,25.762,-0.0567,1.0,0,"baseline: scheduled setpoints, no override"
471,7,5,22.0,5.400806004769311,0.0,0.0,0.0,0.7399140336855354,21.603224019077246,26.7,15.6,25.873,-0.02,1.0,0,"baseline: scheduled setpoints, no override"
472,7,5,22.25,5.030848987926544,0.0,0.0,0.0,0.3699570168427677,20.123395951706176,26.7,15.6,25.891,-0.0063,1.0,0,"baseline: scheduled setpoints, no override"
473,7,5,22.5,5.030686389287992,0.0,0.0,0.0,0.3699570168427677,20.12274555715197,26.7,15.6,25.907,0.0051,1.0,0,"baseline: scheduled setpoints, no override"
474,7,5,22.75,5.030686389287992,0.0,0.0,0.0,0.3699570168427677,20.12274555715197,26.7,15.6,25.934,0.018,1.0,0,"baseline: scheduled setpoints, no override"
475,7,5,23.0,5.030686389287992,0.0,0.0,0.0,0.3699570168427677,20.12274555715197,26.7,15.6,25.959,0.0306,1.0,0,"baseline: scheduled setpoints, no override"
476,7,5,23.25,4.161603085050822,0.0,0.0,0.0,0.42902242127888573,16.646412340203288,26.7,15.6,25.942,0.0337,1.0,0,"baseline: scheduled setpoints, no override"
477,7,5,23.5,4.0007399666498555,0.0,0.0,0.0,0.26813901328740164,16.002959866599422,26.7,15.6,25.917,0.0338,1.0,0,"baseline: scheduled setpoints, no override"
478,7,5,23.75,4.000684730120568,0.0,0.0,0.0,0.26813901328740164,16.002738920482273,26.7,15.6,25.909,0.0363,1.0,0,"baseline: scheduled setpoints, no override"
479,7,5,24.0,4.000684730120568,0.0,0.0,0.0,0.26813901328740164,16.002738920482273,26.7,15.6,25.916,0.0412,1.0,0,"baseline: scheduled setpoints, no override"
480,7,6,0.25,4.000684730120568,0.0,0.0,0.0,0.26813901328740164,16.002738920482273,26.7,15.6,25.922,0.045,1.0,0,"baseline: scheduled setpoints, no override"
481,7,6,0.5,4.000684730120568,0.0,0.0,0.0,0.26813901328740164,16.002738920482273,26.7,15.6,25.922,0.0474,1.0,0,"baseline: scheduled setpoints, no override"
482,7,6,0.75,4.000684730120568,0.0,0.0,0.0,0.26813901328740164,16.002738920482273,26.7,15.6,25.918,0.0487,1.0,0,"baseline: scheduled setpoints, no override"
483,7,6,1.0,4.000684730120568,0.0,0.0,0.0,0.26813901328740164,16.002738920482273,26.7,15.6,25.912,0.0493,1.0,0,"baseline: scheduled setpoints, no override"
484,7,6,1.25,4.000684730120568,0.0,0.0,0.0,0.26813901328740164,16.002738920482273,26.7,15.6,25.905,0.0497,1.0,0,"baseline: scheduled setpoints, no override"
485,7,6,1.5,4.000684730120568,0.0,0.0,0.0,0.26813901328740164,16.002738920482273,26.7,15.6,25.895,0.0497,1.0,0,"baseline: scheduled setpoints, no override"
486,7,6,1.75,4.000684730120568,0.0,0.0,0.0,0.26813901328740164,16.002738920482273,26.7,15.6,25.884,0.0495,1.0,0,"baseline: scheduled setpoints, no override"
487,7,6,2.0,4.000684730120568,0.0,0.0,0.0,0.26813901328740164,16.002738920482273,26.7,15.6,25.872,0.0492,1.0,0,"baseline: scheduled setpoints, no override"
488,7,6,2.25,4.000684730120568,0.0,0.0,0.0,0.26813901328740164,16.002738920482273,26.7,15.6,25.859,0.0486,1.0,0,"baseline: scheduled setpoints, no override"
489,7,6,2.5,4.000684730120568,0.0,0.0,0.0,0.26813901328740164,16.002738920482273,26.7,15.6,25.846,0.0478,1.0,0,"baseline: scheduled setpoints, no override"
490,7,6,2.75,4.000684730120568,0.0,0.0,0.0,0.26813901328740164,16.002738920482273,26.7,15.6,25.832,0.0469,1.0,0,"baseline: scheduled setpoints, no override"
491,7,6,3.0,4.000684730120568,0.0,0.0,0.0,0.26813901328740164,16.002738920482273,26.7,15.6,25.818,0.0459,1.0,0,"baseline: scheduled setpoints, no override"
492,7,6,3.25,4.000684730120568,0.0,0.0,0.0,0.26813901328740164,16.002738920482273,26.7,15.6,25.807,0.0459,1.0,0,"baseline: scheduled setpoints, no override"
493,7,6,3.5,4.000684730120568,0.0,0.0,0.0,0.26813901328740164,16.002738920482273,26.7,15.6,25.799,0.0463,1.0,0,"baseline: scheduled setpoints, no override"
494,7,6,3.75,4.000684730120568,0.0,0.0,0.0,0.26813901328740164,16.002738920482273,26.7,15.6,25.793,0.0467,1.0,0,"baseline: scheduled setpoints, no override"
495,7,6,4.0,4.000684730120568,0.0,0.0,0.0,0.26813901328740164,16.002738920482273,26.7,15.6,25.787,0.0469,1.0,0,"baseline: scheduled setpoints, no override"
496,7,6,4.25,4.000684730120568,0.0,0.0,0.0,0.26813901328740164,16.002738920482273,25.6,17.8,25.78,0.0467,1.0,0,"baseline: scheduled setpoints, no override"
497,7,6,4.5,4.000684730120568,0.0,0.0,0.0,0.26813901328740164,16.002738920482273,26.7,15.6,25.772,0.0463,1.0,0,"baseline: scheduled setpoints, no override"
498,7,6,4.75,4.000684730120568,0.0,0.0,0.0,0.26813901328740164,16.002738920482273,26.7,15.6,25.764,0.046,1.0,0,"baseline: scheduled setpoints, no override"
499,7,6,5.0,4.000684730120568,0.0,0.0,0.0,0.26813901328740164,16.002738920482273,26.7,15.6,25.756,0.0457,1.0,0,"baseline: scheduled setpoints, no override"
500,7,6,5.25,10.77027437608646,4.757008714699136,0.0,0.5417419349387669,0.26813901328740164,43.08109750434584,26.7,15.6,25.05,-0.0902,1.0,0,"baseline: scheduled setpoints, no override"
501,7,6,5.5,11.477842867438225,4.9928021856527725,0.0,0.5417419349387669,0.7399140336855354,45.9113714697529,25.0,20.0,24.493,-0.217,1.0,0,"baseline: scheduled setpoints, no override"
502,7,6,5.75,10.025390499336885,4.904342094540223,0.0,0.5417419349387669,0.684839498774118,40.10156199734754,25.0,20.0,24.407,-0.2502,1.0,0,"baseline: scheduled setpoints, no override"
503,7,6,6.0,9.911289063191033,4.850295421731826,0.0,0.5417419349387669,0.6248089737304264,39.64515625276413,25.0,20.0,24.514,-0.2382,1.0,0,"baseline: scheduled setpoints, no override"
504,7,6,6.25,20.14271320881639,10.577025881869965,0.0,1.0524357040146675,1.7981109526864767,80.57085283526555,24.0,21.0,24.041,-0.3268,1.0,0,"baseline: scheduled setpoints, no override"
505,7,6,6.5,17.25763408449899,8.072630462289212,0.0,0.6977147137409709,1.7716279353534492,69.03053633799595,24.0,21.0,23.986,-0.3527,1.0,0,"baseline: scheduled setpoints, no override"
506,7,6,6.75,18.957458310331486,9.622318609413592,0.0,0.865787150933684,1.7537033782071876,75.82983324132594,24.0,21.0,23.989,-0.3589,1.0,0,"baseline: scheduled setpoints, no override"
507,7,6,7.0,18.836354389869918,9.545835749318071,0.0,0.8285235146111071,1.7463539401827715,75.34541755947967,24.0,21.0,23.996,-0.3601,1.0,1,"baseline: scheduled setpoints, no override"
508,7,6,7.25,37.62704801143947,14.533388473044036,0.0,3.4663089732327936,5.239061820548314,150.50819204575788,24.0,21.0,24.015,-0.3312,1.0,1,"baseline: scheduled setpoints, no override"
509,7,6,7.5,40.44567890189361,15.502755610617,0.0,5.310979015919466,5.239061820548314,161.78271560757443,24.0,21.0,24.045,-0.3024,1.0,1,"baseline: scheduled setpoints, no override"
510,7,6,7.75,33.01234628287074,11.630834009752496,0.0,1.749567997761106,5.239061820548314,132.04938513148295,24.0,21.0,24.005,-0.2938,1.0,1,"baseline: scheduled setpoints, no override"
511,7,6,8.0,33.37853681329693,11.773211681406613,0.0,1.9733808565331823,5.239061820548314,133.51414725318773,24.0,21.0,23.999,-0.2881,1.0,1,"baseline: scheduled setpoints, no override"
512,7,6,8.25,31.725301138536203,12.20118372048504,0.0,1.9878243420427637,5.239061820548314,126.90120455414481,24.0,21.0,23.998,-0.2847,1.0,1,"baseline: scheduled setpoints, no override"
513,7,6,8.5,32.24956802904212,12.606968869304104,0.0,2.106306083729619,5.239061820548314,128.9982721161685,24.0,21.0,23.998,-0.2778,1.0,1,"baseline: scheduled setpoints, no override"
514,7,6,8.75,32.43033970031864,12.687244270731094,0.0,2.206802353579143,5.239061820548314,129.72135880127456,24.0,21.0,23.998,-0.2714,1.0,1,"baseline: scheduled setpoints, no override"
515,7,6,9.0,32.54303289108247,12.718627895770783,0.0,2.2881119193032795,5.239061820548314,130.17213156432987,24.0,21.0,23.999,-0.266,1.0,1,"baseline: scheduled setpoints, no override"
516,7,6,9.25,31.913930346838626,12.629536411570895,0.0,2.231712596068593,5.239061820548314,127.6557213873545,24.0,21.0,24.029,-0.2557,1.0,1,"baseline: scheduled setpoints, no override"
517,7,6,9.5,32.31897631458503,12.934326044145578,0.0,2.3319689312403136,5.239061820548314,129.27590525834012,24.0,21.0,24.034,-0.2482,1.0,1,"baseline: scheduled setpoints, no override"
518,7,6,9.75,32.49788627982072,13.12766932403053,0.0,2.3175356165910466,5.239061820548314,129.99154511928288,24.0,21.0,24.036,-0.2491,1.0,1,"baseline: scheduled setpoints, no override"
519,7,6,10.0,32.66237798409771,13.30268167240387,0.0,2.307014972494701,5.239061820548314,130.64951193639084,24.0,21.0,24.036,-0.2516,1.0,1,"baseline: scheduled setpoints, no override"
520,7,6,10.25,33.63293909580251,13.682980740885522,0.0,2.413665278908594,5.239061820548314,134.53175638321005,24.0,21.0,24.007,-0.2591,1.0,1,"baseline: scheduled setpoints, no override"
521,7,6,10.5,33.655713318958526,13.754969498011123,0.0,2.364450744939005,5.239061820548314,134.6228532758341,24.0,21.0,24.0,-0.2642,1.0,1,"baseline: scheduled setpoints, no override"
522,7,6,10.75,33.89919576370908,13.952265831060462,0.0,2.410636856640215,5.239061820548314,135.59678305483632,24.0,21.0,23.999,-0.2617,1.0,1,"baseline: scheduled setpoints, no override"
523,7,6,11.0,34.100605629575604,14.136737481758406,0.0,2.4275750718088,5.239061820548314,136.40242251830242,24.0,21.0,23.999,-0.2606,1.0,1,"baseline: scheduled setpoints, no override"
524,7,6,11.25,33.945575636682534,13.96794211821407,0.0,2.2318054805360004,5.239061820548314,135.78230254673014,24.0,21.0,24.048,-0.2503,1.0,1,"baseline: scheduled setpoints, no override"
525,7,6,11.5,34.328093349382485,14.29690429400279,0.0,2.2853610174472268,5.239061820548314,137.31237339752994,24.0,21.0,24.066,-0.243,1.0,1,"baseline: scheduled setpoints, no override"
526,7,6,11.75,34.49964258516578,14.511439352287056,0.0,2.242375194946262,5.239061820548314,137.99857034066312,24.0,21.0,24.075,-0.245,1.0,1,"baseline: scheduled setpoints, no override"
527,7,6,12.0,34.67775871463719,14.721592092945098,0.0,2.2103385837596274,5.239061820548314,138.71103485854877,24.0,21.0,24.082,-0.2482,1.0,1,"baseline: scheduled setpoints, no override"
528,7,6,12.25,35.943559706288944,15.509494693609351,0.0,2.4947621335368155,5.239061820548314,143.77423882515578,24.0,21.0,24.012,-0.2636,1.0,1,"baseline: scheduled setpoints, no override"
529,7,6,12.5,35.833277972060955,15.517521755103575,0.0,2.3764533378146058,5.239061820548314,143.33311188824382,24.0,21.0,24.001,-0.2717,1.0,1,"baseline: scheduled setpoints, no override"
530,7,6,12.75,36.12902052120554,15.741159021489338,0.0,2.4485586205734338,5.239061820548314,144.51608208482216,24.0,21.0,23.999,-0.2714,1.0,1,"baseline: scheduled setpoints, no override"
531,7,6,13.0,36.40386990839624,15.980828607016047,0.0,2.4837384222374244,5.239061820548314,145.61547963358495,24.0,21.0,23.999,-0.2676,1.0,1,"baseline: scheduled setpoints, no override"
532,7,6,13.25,35.089258587018236,15.67352261026141,0.0,2.3630546375576817,5.239061820548314,140.35703434807294,24.0,21.0,24.032,-0.2575,1.0,1,"baseline: scheduled setpoints, no override"
533,7,6,13.5,35.42695133724936,15.899826276087573,0.0,2.4744437219626487,5.239061820548314,141.70780534899745,24.0,21.0,24.035,-0.2484,1.0,1,"baseline: scheduled setpoints, no override"
534,7,6,13.75,35.55652505515615,15.964892643665133,0.0,2.5389510722918787,5.239061820548314,142.2261002206246,24.0,21.0,24.036,-0.2409,1.0,1,"baseline: scheduled setpoints, no override"
535,7,6,14.0,35.86901919392653,16.1886686601345,0.0,2.6276691945928903,5.239061820548314,143.47607677570613,24.0,21.0,24.036,-0.2334,1.0,1,"baseline: scheduled setpoints, no override"
536,7,6,14.25,36.56306283602157,16.71044213108269,0.0,2.799939365739751,5.239061820548314,146.2522513440863,24.0,21.0,24.005,-0.2305,1.0,1,"baseline: scheduled setpoints, no override"
537,7,6,14.5,36.86774072732631,16.96229902940427,0.0,2.8527603587228927,5.239061820548314,147.47096290930523,24.0,21.0,24.0,-0.2258,1.0,1,"baseline: scheduled setpoints, no override"
538,7,6,14.75,37.117653922136974,17.15886364977924,0.0,2.906108933158597,5.239061820548314,148.4706156885479,24.0,21.0,23.999,-0.2244,1.0,1,"baseline: scheduled setpoints, no override"
539,7,6,15.0,37.239615295129724,17.270965273006045,0.0,2.915968682924543,5.239061820548314,148.9584611805189,24.0,21.0,23.999,-0.2237,1.0,1,"baseline: scheduled setpoints, no override"
540,7,6,15.25,38.017840309118576,17.235967389291968,0.0,3.0037739643880226,5.239061820548314,152.0713612364743,24.0,21.0,23.999,-0.2235,1.0,1,"baseline: scheduled setpoints, no override"
541,7,6,15.5,37.793426553691376,17.02333994211939,0.0,2.9919876561334053,5.239061820548314,151.1737062147655,24.0,21.0,23.999,-0.2237,1.0,1,"baseline: scheduled setpoints, no override"
542,7,6,15.75,37.369741744113256,16.667283591732915,0.0,2.924359196941754,5.239061820548314,149.47896697645302,24.0,21.0,23.999,-0.2286,1.0,1,"baseline: scheduled setpoints, no override"
543,7,6,16.0,36.94144582314266,16.303346898544508,0.0,2.859999969159567,5.239061820548314,147.76578329257063,24.0,21.0,23.999,-0.2328,1.0,1,"baseline: scheduled setpoints, no override"
544,7,6,16.25,29.206735709073865,14.424226968047552,0.0,2.00273191888561,2.9105899003046205,116.82694283629546,24.0,21.0,24.029,-0.2431,1.0,1,"baseline: scheduled setpoints, no override"
545,7,6,16.5,28.351673428220654,13.657051566872873,0.0,1.9162245245282963,2.9105899003046205,113.40669371288261,24.0,21.0,24.034,-0.2516,1.0,1,"baseline: scheduled setpoints, no override"
546,7,6,16.75,27.680395160972154,13.093410066339679,0.0,1.8085877578129932,2.9105899003046205,110.72158064388861,24.0,21.0,24.021,-0.2673,1.0,1,"baseline: scheduled setpoints, no override"
547,7,6,17.0,26.99409265399835,12.51508369563669,0.0,1.7006116215421765,2.9105899003046205,107.9763706159934,24.0,21.0,24.006,-0.2855,1.0,1,"baseline: scheduled setpoints, no override"
548,7,6,17.25,17.390373728175803,9.763679914052341,0.0,1.0178018892918248,1.7463539401827715,69.56149491270321,24.0,21.0,24.0,-0.3131,1.0,1,"baseline: scheduled setpoints, no override"
549,7,6,17.5,16.1012598855412,8.553160573112683,0.0,0.9183508942244846,1.7677305085847754,64.4050395421648,24.0,21.0,24.0,-0.3366,1.0,1,"baseline: scheduled setpoints, no override"
550,7,6,17.75,17.632796819561392,10.140055624622438,0.0,0.8631020236777149,1.7676117587660805,70.53118727824557,24.0,21.0,24.0,-0.3471,1.0,1,"baseline: scheduled setpoints, no override"
551,7,6,18.0,16.313980568099417,8.861819138927434,0.0,0.8226266171684281,1.7675074523029706,65.25592227239767,24.0,21.0,24.0,-0.3551,1.0,1,"baseline: scheduled setpoints, no override"
552,7,6,18.25,15.606864298298573,8.841949937120125,0.0,0.7798974015213059,1.7677269874743313,62.42745719319429,24.0,21.0,24.0,-0.3602,1.0,1,"baseline: scheduled setpoints, no override"
553,7,6,18.5,15.706483861991751,8.957824494651305,0.0,0.7634039131975702,1.767965384431563,62.825935447967005,24.0,21.0,24.0,-0.3637,1.0,1,"baseline: scheduled setpoints, no override"
554,7,6,18.75,15.692599041975727,8.961504008665159,0.0,0.736382247641069,1.7774226100501274,62.77039616790291,24.0,21.0,24.0,-0.3732,1.0,1,"baseline: scheduled setpoints, no override"
555,7,6,19.0,15.71766628950368,8.939875414352732,0.0,0.7100851212155838,1.8504113767618868,62.87066515801472,24.0,21.0,24.0,-0.3817,1.0,0,"baseline: scheduled setpoints, no override"
556,7,6,19.25,14.744825166920066,8.485706865340285,0.0,0.6762317858173914,1.3655597005533535,58.97930066768026,24.0,21.0,24.0,-0.3926,1.0,0,"baseline: scheduled setpoints, no override"
557,7,6,19.5,15.105091134405866,8.00027579575708,0.0,0.641450558995159,1.4798280673710709,60.42036453762346,24.0,21.0,24.0,-0.4073,1.0,0,"baseline: scheduled setpoints, no override"
558,7,6,19.75,14.787538975618723,7.700490496189449,0.0,0.623633084957957,1.4798280673710709,59.15015590247489,24.0,21.0,24.0,-0.4128,1.0,0,"baseline: scheduled setpoints, no override"
559,7,6,20.0,14.546830691504411,7.471595846885846,0.0,0.6118194501472485,1.4798280673710709,58.187322766017644,24.0,21.0,24.0,-0.417,1.0,0,"baseline: scheduled setpoints, no override"
560,7,6,20.25,14.012429343585003,7.280262094033332,0.0,0.5911204660835393,1.4798280673710709,56.04971737434001,24.0,21.0,24.0,-0.4229,1.0,0,"baseline: scheduled setpoints, no override"
561,7,6,20.5,13.88832565343442,7.169911960778385,0.0,0.5773669091879033,1.4798280673710709,55.55330261373768,24.0,21.0,24.0,-0.4287,1.0,0,"baseline: scheduled setpoints, no override"
562,7,6,20.75,13.749539801167284,7.041369099972869,0.0,0.5671239177262838,1.4798280673710709,54.998159204669136,24.0,21.0,24.0,-0.4342,1.0,0,"baseline: scheduled setpoints, no override"
563,7,6,21.0,13.674941766615945,6.9728239301277055,0.0,0.561071053020108,1.4798280673710709,54.69976706646378,24.0,21.0,24.0,-0.439,1.0,0,"baseline: scheduled setpoints, no override"
564,7,6,21.25,5.401132749782597,0.0,0.0,0.0,0.7399140336855354,21.60453099913039,26.7,15.6,24.704,-0.3094,1.0,0,"baseline: scheduled setpoints, no override"
565,7,6,21.5,5.400806004769311,0.0,0.0,0.0,0.7399140336855354,21.603224019077246,26.7,15.6,25.318,-0.177,1.0,0,"baseline: scheduled setpoints, no override"
566,7,6,21.75,5.400806004769311,0.0,0.0,0.0,0.7399140336855354,21.603224019077246,26.7,15.6,25.628,-0.0993,1.0,0,"baseline: scheduled setpoints, no override"
567,7,6,22.0,5.400806004769311,0.0,0.0,0.0,0.7399140336855354,21.603224019077246,26.7,15.6,25.702,-0.07,1.0,0,"baseline: scheduled setpoints, no override"
568,7,6,22.25,5.030848987926544,0.0,0.0,0.0,0.3699570168427677,20.123395951706176,26.7,15.6,25.701,-0.0588,1.0,0,"baseline: scheduled setpoints, no override"
569,7,6,22.5,5.030686389287992,0.0,0.0,0.0,0.3699570168427677,20.12274555715197,26.7,15.6,25.71,-0.0479,1.0,0,"baseline: scheduled setpoints, no override"
570,7,6,22.75,5.030686389287992,0.0,0.0,0.0,0.3699570168427677,20.12274555715197,26.7,15.6,25.736,-0.035,1.0,0,"baseline: scheduled setpoints, no override"
571,7,6,23.0,5.030686389287992,0.0,0.0,0.0,0.3699570168427677,20.12274555715197,26.7,15.6,25.763,-0.0226,1.0,0,"baseline: scheduled setpoints, no override"
572,7,6,23.25,3.380300275214156,0.0,0.0,0.0,0.42902242127888573,13.521201100856624,26.7,15.6,25.706,-0.0295,1.0,0,"baseline: scheduled setpoints, no override"
573,7,6,23.5,3.2194316745877134,0.0,0.0,0.0,0.26813901328740164,12.877726698350854,26.7,15.6,25.63,-0.0415,1.0,0,"baseline: scheduled setpoints, no override"
574,7,6,23.75,3.2193913687191618,0.0,0.0,0.0,0.26813901328740164,12.877565474876647,26.7,15.6,25.58,-0.0498,1.0,0,"baseline: scheduled setpoints, no override"
575,7,6,24.0,3.2193913687191618,0.0,0.0,0.0,0.26813901328740164,12.877565474876647,26.7,15.6,25.556,-0.0536,1.0,0,"baseline: scheduled setpoints, no override"
576,7,7,0.25,3.2193913687191618,0.0,0.0,0.0,0.26813901328740164,12.877565474876647,26.7,15.6,25.55,-0.0543,1.0,0,"baseline: scheduled setpoints, no override"
577,7,7,0.5,3.2193913687191618,0.0,0.0,0.0,0.26813901328740164,12.877565474876647,26.7,15.6,25.55,-0.0541,1.0,0,"baseline: scheduled setpoints, no override"
578,7,7,0.75,3.2193913687191618,0.0,0.0,0.0,0.26813901328740164,12.877565474876647,26.7,15.6,25.55,-0.0544,1.0,0,"baseline: scheduled setpoints, no override"
579,7,7,1.0,3.2193913687191618,0.0,0.0,0.0,0.26813901328740164,12.877565474876647,26.7,15.6,25.55,-0.0559,1.0,0,"baseline: scheduled setpoints, no override"
580,7,7,1.25,3.2193913687191618,0.0,0.0,0.0,0.26813901328740164,12.877565474876647,26.7,15.6,25.543,-0.0585,1.0,0,"baseline: scheduled setpoints, no override"
581,7,7,1.5,3.2193913687191618,0.0,0.0,0.0,0.26813901328740164,12.877565474876647,26.7,15.6,25.532,-0.0621,1.0,0,"baseline: scheduled setpoints, no override"
582,7,7,1.75,3.2193913687191618,0.0,0.0,0.0,0.26813901328740164,12.877565474876647,26.7,15.6,25.518,-0.0661,1.0,0,"baseline: scheduled setpoints, no override"
583,7,7,2.0,3.2193913687191618,0.0,0.0,0.0,0.26813901328740164,12.877565474876647,26.7,15.6,25.504,-0.0704,1.0,0,"baseline: scheduled setpoints, no override"
584,7,7,2.25,3.2193913687191618,0.0,0.0,0.0,0.26813901328740164,12.877565474876647,26.7,15.6,25.492,-0.074,1.0,0,"baseline: scheduled setpoints, no override"
585,7,7,2.5,3.2193913687191618,0.0,0.0,0.0,0.26813901328740164,12.877565474876647,26.7,15.6,25.482,-0.0773,1.0,0,"baseline: scheduled setpoints, no override"
586,7,7,2.75,3.2193913687191618,0.0,0.0,0.0,0.26813901328740164,12.877565474876647,26.7,15.6,25.473,-0.0803,1.0,0,"baseline: scheduled setpoints, no override"
587,7,7,3.0,3.2193913687191618,0.0,0.0,0.0,0.26813901328740164,12.877565474876647,26.7,15.6,25.464,-0.0833,1.0,0,"baseline: scheduled setpoints, no override"
588,7,7,3.25,3.2193913687191618,0.0,0.0,0.0,0.26813901328740164,12.877565474876647,26.7,15.6,25.456,-0.0862,1.0,0,"baseline: scheduled setpoints, no override"
589,7,7,3.5,3.2193913687191618,0.0,0.0,0.0,0.26813901328740164,12.877565474876647,26.7,15.6,25.447,-0.089,1.0,0,"baseline: scheduled setpoints, no override"
590,7,7,3.75,3.2193913687191618,0.0,0.0,0.0,0.26813901328740164,12.877565474876647,26.7,15.6,25.439,-0.0917,1.0,0,"baseline: scheduled setpoints, no override"
591,7,7,4.0,3.2193913687191618,0.0,0.0,0.0,0.26813901328740164,12.877565474876647,26.7,15.6,25.431,-0.0943,1.0,0,"baseline: scheduled setpoints, no override"
592,7,7,4.25,3.2193913687191618,0.0,0.0,0.0,0.26813901328740164,12.877565474876647,25.7,17.8,25.422,-0.096,1.0,0,"baseline: scheduled setpoints, no override"
593,7,7,4.5,3.2193913687191618,0.0,0.0,0.0,0.26813901328740164,12.877565474876647,26.7,15.6,25.411,-0.0975,1.0,0,"baseline: scheduled setpoints, no override"
594,7,7,4.75,3.2193913687191618,0.0,0.0,0.0,0.26813901328740164,12.877565474876647,26.7,15.6,25.4,-0.0987,1.0,0,"baseline: scheduled setpoints, no override"
595,7,7,5.0,3.2193913687191618,0.0,0.0,0.0,0.26813901328740164,12.877565474876647,26.7,15.6,25.388,-0.0991,1.0,0,"baseline: scheduled setpoints, no override"
596,7,7,5.25,10.801424439387581,4.788158778000261,0.0,0.5417419349387669,0.26813901328740164,43.205697757550325,26.7,15.6,24.722,-0.2246,1.0,0,"baseline: scheduled setpoints, no override"
597,7,7,5.5,11.520420434037113,5.035379752251659,0.0,0.5417419349387669,0.7399140336855354,46.081681736148454,25.0,20.0,24.222,-0.3376,1.0,0,"baseline: scheduled setpoints, no override"
598,7,7,5.75,10.127364860594595,5.01139181527925,0.0,0.5417419349387669,0.679764139292801,40.50945944237838,25.0,20.0,24.176,-0.3524,1.0,0,"baseline: scheduled setpoints, no override"
599,7,7,6.0,10.063441367056893,5.006167467346195,0.0,0.5417419349387669,0.6210914650716994,40.25376546822757,25.0,20.0,24.328,-0.319,1.0,0,"baseline: scheduled setpoints, no override"
600,7,7,6.25,15.53460301105087,8.966427163433245,0.0,0.7813541175187403,0.6029331261158808,62.13841204420348,24.0,21.0,24.032,-0.3652,1.0,0,"baseline: scheduled setpoints, no override"
601,7,7,6.5,13.786659091357617,7.404030067402993,0.0,0.6093874483938032,0.5893609683675036,55.14663636543047,24.0,21.0,23.998,-0.3749,1.0,0,"baseline: scheduled setpoints, no override"
602,7,7,6.75,15.230850120205622,8.739861380237771,0.0,0.7212864673483708,0.5858276416862548,60.92340048082249,24.0,21.0,23.996,-0.3733,1.0,0,"baseline: scheduled setpoints, no override"
603,7,7,7.0,15.464088756089488,8.973849472290981,0.0,0.7242482285285123,0.5821179800609236,61.85635502435795,24.0,21.0,23.998,-0.3676,1.0,1,"baseline: scheduled setpoints, no override"
604,7,7,7.25,18.994598396545754,10.404040364052118,0.0,0.8462478806982471,1.7463539401827715,75.97839358618302,24.0,21.0,23.999,-0.3545,1.0,1,"baseline: scheduled setpoints, no override"
605,7,7,7.5,19.895927080842167,11.254421105345987,0.0,0.8965229724436268,1.7463539401827715,79.58370832336867,24.0,21.0,23.999,-0.3431,1.0,1,"baseline: scheduled setpoints, no override"
606,7,7,7.75,20.61597113955015,11.940624470049507,0.0,0.930363666448092,1.7463539401827715,82.4638845582006,24.0,21.0,23.999,-0.3357,1.0,1,"baseline: scheduled setpoints, no override"
607,7,7,8.0,17.93170245769103,9.224490783800928,0.0,0.9622286708375518,1.7463539401827715,71.72680983076413,24.0,21.0,23.999,-0.3286,1.0,1,"baseline: scheduled setpoints, no override"
608,7,7,8.25,18.95293584556843,9.62581674429237,0.0,1.0179803282557678,1.7463539401827715,75.81174338227372,24.0,21.0,23.999,-0.3219,1.0,1,"baseline: scheduled setpoints, no override"
609,7,7,8.5,19.282109558003242,9.919214908541921,0.0,1.0537558764410222,1.7463539401827715,77.12843823201297,24.0,21.0,23.999,-0.3152,1.0,1,"baseline: scheduled setpoints, no override"
610,7,7,8.75,19.553757044393734,10.166075609158964,0.0,1.0785426622144751,1.7463539401827715,78.21502817757494,24.0,21.0,23.999,-0.3104,1.0,1,"baseline: scheduled setpoints, no override"
611,7,7,9.0,19.809036075753056,10.398900730960154,0.0,1.1009965717726111,1.7463539401827715,79.23614430301222,24.0,21.0,23.999,-0.3062,1.0,1,"baseline: scheduled setpoints, no override"
612,7,7,9.25,19.390567954617275,10.253455125187294,0.0,1.069755103795974,1.7463539401827715,77.5622718184691,24.0,21.0,24.029,-0.2976,1.0,1,"baseline: scheduled setpoints, no override"
613,7,7,9.5,19.54893220577946,10.38438067341104,0.0,1.0971938067344105,1.7463539401827715,78.19572882311785,24.0,21.0,24.035,-0.2924,1.0,1,"baseline: scheduled setpoints, no override"
614,7,7,9.75,19.589664880814947,10.42485838433442,0.0,1.0974487708465224,1.7463539401827715,78.35865952325979,24.0,21.0,24.036,-0.2918,1.0,1,"baseline: scheduled setpoints, no override"
615,7,7,10.0,19.627296740258704,10.459661331570313,0.0,1.1002776830543832,1.7463539401827715,78.50918696103481,24.0,21.0,24.037,-0.2922,1.0,1,"baseline: scheduled setpoints, no override"
616,7,7,10.25,20.829709772505957,11.03667217194444,0.0,1.161524090424975,1.7463539401827715,83.31883909002383,24.0,21.0,24.008,-0.2981,1.0,1,"baseline: scheduled setpoints, no override"
617,7,7,10.5,21.04906151156922,11.26916987335569,0.0,1.1483781280769942,1.7463539401827715,84.19624604627688,24.0,21.0,24.001,-0.3019,1.0,1,"baseline: scheduled setpoints, no override"
618,7,7,10.75,21.36186471659214,11.570666827315582,0.0,1.1596843791400189,1.7463539401827715,85.44745886636856,24.0,21.0,24.0,-0.3013,1.0,1,"baseline: scheduled setpoints, no override"
619,7,7,11.0,21.656148084257183,11.859990746596017,0.0,1.1646438275246285,1.7463539401827715,86.62459233702873,24.0,21.0,24.0,-0.3007,1.0,1,"baseline: scheduled setpoints, no override"
620,7,7,11.25,18.13248833839094,11.197562622714889,0.0,0.9604420950433826,0.8731769700913857,72.52995335356376,24.0,21.0,24.031,-0.2991,1.0,1,"baseline: scheduled setpoints, no override"
621,7,7,11.5,18.159352921788546,11.219199881853745,0.0,0.966001590922382,0.8731769700913857,72.63741168715418,24.0,21.0,24.036,-0.299,1.0,1,"baseline: scheduled setpoints, no override"
622,7,7,11.75,18.08979911166938,11.169843357405075,0.0,0.9458043052518865,0.8731769700913857,72.35919644667752,24.0,21.0,24.037,-0.3039,1.0,1,"baseline: scheduled setpoints, no override"
623,7,7,12.0,18.018477776748075,11.11507768611083,0.0,0.9292486416248275,0.8731769700913857,72.0739111069923,24.0,21.0,24.037,-0.3091,1.0,1,"baseline: scheduled setpoints, no override"
624,7,7,12.25,17.175131442855104,10.939401782178745,0.0,0.9063097049699247,0.8731769700913857,68.70052577142042,24.0,21.0,24.005,-0.321,1.0,1,"baseline: scheduled setpoints, no override"
625,7,7,12.5,17.01027103885632,10.790560095903892,0.0,0.8902909872459964,0.8731769700913857,68.04108415542528,24.0,21.0,24.0,-0.3242,1.0,1,"baseline: scheduled setpoints, no override"
626,7,7,12.75,16.9040301824548,10.689629448616381,0.0,0.884980778131984,0.8731769700913857,67.6161207298192,24.0,21.0,24.0,-0.3273,1.0,1,"baseline: scheduled setpoints, no override"
627,7,7,13.0,16.89212672976145,10.670295188507657,0.0,0.8924115855473589,0.8731769700913857,67.5685069190458,24.0,21.0,24.0,-0.3239,1.0,1,"baseline: scheduled setpoints, no override"
628,7,7,13.25,16.46787228973134,10.66793835001289,0.0,0.8734711528937189,0.8731769700913857,65.87148915892536,24.0,21.0,24.034,-0.3125,1.0,1,"baseline: scheduled setpoints, no override"
629,7,7,13.5,16.74960593080544,10.91528985172802,0.0,0.9078532922526901,0.8731769700913857,66.99842372322176,24.0,21.0,24.036,-0.3041,1.0,1,"baseline: scheduled setpoints, no override"
630,7,7,13.75,16.84575702104305,10.99483887066945,0.0,0.9244553635488668,0.8731769700913857,67.3830280841722,24.0,21.0,24.037,-0.2977,1.0,1,"baseline: scheduled setpoints, no override"
631,7,7,14.0,17.065204988400808,11.189518969535158,0.0,0.9492232320409159,0.8731769700913857,68.26081995360323,24.0,21.0,24.037,-0.2913,1.0,1,"baseline: scheduled setpoints, no override"
632,7,7,14.25,16.90035547929486,11.307100243353123,0.0,0.9891581762292597,0.8731769700913857,67.60142191717944,24.0,21.0,24.005,-0.2908,1.0,1,"baseline: scheduled setpoints, no override"
633,7,7,14.5,16.90446026344709,11.29806110442341,0.0,1.002302099311204,0.8731769700913857,67.61784105378835,24.0,21.0,24.0,-0.287,1.0,1,"baseline: scheduled setpoints, no override"
634,7,7,14.75,16.89392888980068,11.271548482430315,0.0,1.0182833476578892,0.8731769700913857,67.57571555920272,24.0,21.0,24.0,-0.2857,1.0,1,"baseline: scheduled setpoints, no override"
635,7,7,15.0,16.807576290516977,11.182883319014591,0.0,1.0205959117899104,0.8731769700913857,67.2303051620679,24.0,21.0,24.0,-0.2852,1.0,1,"baseline: scheduled setpoints, no override"
636,7,7,15.25,16.83689842368216,11.136189863466331,0.0,1.0160200693913273,0.8731769700913857,67.34759369472864,24.0,21.0,24.0,-0.2865,1.0,1,"baseline: scheduled setpoints, no override"
637,7,7,15.5,16.75806604135132,11.06722477568125,0.0,1.0061527748455668,0.8731769700913857,67.03226416540528,24.0,21.0,24.0,-0.2882,1.0,1,"baseline: scheduled setpoints, no override"
638,7,7,15.75,16.667323545901247,10.988256330040597,0.0,0.9943787250361467,0.8731769700913857,66.66929418360499,24.0,21.0,24.0,-0.2903,1.0,1,"baseline: scheduled setpoints, no override"
639,7,7,16.0,16.51566837431764,10.858626675558057,0.0,0.9723532079350818,0.8731769700913857,66.06267349727057,24.0,21.0,24.0,-0.2951,1.0,1,"baseline: scheduled setpoints, no override"
640,7,7,16.25,10.929496115545689,6.689524054003492,0.0,0.5417419349387669,0.2910589900304618,43.717984462182756,26.7,15.6,24.83,-0.1458,1.0,1,"baseline: scheduled setpoints, no override"
641,7,7,16.5,11.2892286909649,7.049441426733957,0.0,0.5417419349387669,0.2910589900304618,45.1569147638596,26.7,15.6,25.356,-0.0234,1.0,1,"baseline: scheduled setpoints, no override"
642,7,7,16.75,11.454150987652579,7.214363723421637,0.0,0.5417419349387669,0.2910589900304618,45.816603950610315,26.7,15.6,25.476,0.0237,0.9333,1,"baseline: scheduled setpoints, no override"
643,7,7,17.0,11.626011285226516,7.386224020995574,0.0,0.5417419349387669,0.2910589900304618,46.504045140906065,26.7,15.6,25.474,0.0357,0.8667,1,"baseline: scheduled setpoints, no override"
644,7,7,17.25,3.2145008691647803,0.0,0.0,0.0,0.2910589900304618,12.858003476659121,26.7,15.6,26.247,0.1921,0.8,1,"baseline: scheduled setpoints, no override"
645,7,7,17.5,8.453052789635079,4.686857198602016,0.0,0.5516947218682832,0.2910589900304618,33.812211158540315,26.7,15.6,25.953,0.161,0.8667,1,"baseline: scheduled setpoints, no override"
646,7,7,17.75,8.356379888942636,4.600137084839087,0.0,0.5417419349387669,0.2910589900304618,33.42551955577054,26.7,15.6,25.605,0.0841,0.8667,1,"baseline: scheduled setpoints, no override"
647,7,7,18.0,3.2145008691647803,0.0,0.0,0.0,0.2910589900304618,12.858003476659121,26.7,15.6,26.214,0.1831,0.8,1,"baseline: scheduled setpoints, no override"
648,7,7,18.25,7.781916844467136,4.534750600504282,0.0,0.5473873937156216,0.33818325786294107,31.127667377868544,26.7,15.6,25.853,0.1194,0.8667,1,"baseline: scheduled setpoints, no override"
649,7,7,18.5,7.499637579039063,4.35041896922416,0.0,0.5417419349387669,0.2458692817392914,29.99855031615625,26.7,15.6,25.461,0.0244,0.8667,1,"baseline: scheduled setpoints, no override"
650,7,7,18.75,2.6116016319118645,0.0,0.0,0.0,0.25001734903406375,10.446406527647458,26.7,15.6,25.942,0.0904,0.8667,1,"baseline: scheduled setpoints, no override"
651,7,7,19.0,6.644476235393694,3.688952656101936,0.0,0.33558550466406534,0.2583527539016777,26.577904941574776,26.7,15.6,25.891,0.0822,0.9333,0,"baseline: scheduled setpoints, no override"
652,7,7,19.25,8.020570044704607,4.846789475219011,0.0,0.5417419349387669,0.27045122812939465,32.08228017881843,26.7,15.6,25.425,-0.0202,1.0,0,"baseline: scheduled setpoints, no override"
653,7,7,19.5,5.019740677070044,1.4047145830239562,0.0,0.20615643027470157,0.28085422966158935,20.078962708280176,26.7,15.6,25.434,-0.0524,1.0,0,"baseline: scheduled setpoints, no override"
654,7,7,19.75,3.3961570511720645,0.0,0.0,0.0,0.26813901328740164,13.584628204688258,26.7,15.6,25.849,0.0173,1.0,0,"baseline: scheduled setpoints, no override"
655,7,7,20.0,5.508148008763377,1.9344489392934914,0.0,0.17754520075072397,0.26813901328740164,22.032592035053508,26.7,15.6,25.889,0.0276,1.0,0,"baseline: scheduled setpoints, no override"
656,7,7,20.25,5.630724624025053,2.057025554555166,0.0,0.17754520075072397,0.26813901328740164,22.52289849610021,26.7,15.6,25.782,0.0063,1.0,0,"baseline: scheduled setpoints, no override"
657,7,7,20.5,3.3961538687191615,0.0,0.0,0.0,0.26813901328740164,13.584615474876646,26.7,15.6,25.918,0.027,1.0,0,"baseline: scheduled setpoints, no override"
658,7,7,20.75,3.3961538687191615,0.0,0.0,0.0,0.26813901328740164,13.584615474876646,26.7,15.6,26.07,0.0587,1.0,0,"baseline: scheduled setpoints, no override"
659,7,7,21.0,3.3961538687191615,0.0,0.0,0.0,0.26813901328740164,13.584615474876646,26.7,15.6,26.149,0.0792,1.0,0,"baseline: scheduled setpoints, no override"
660,7,7,21.25,3.3961538687191615,0.0,0.0,0.0,0.26813901328740164,13.584615474876646,26.7,15.6,26.159,0.085,1.0,0,"baseline: scheduled setpoints, no override"
661,7,7,21.5,3.3961538687191615,0.0,0.0,0.0,0.26813901328740164,13.584615474876646,26.7,15.6,26.139,0.0841,1.0,0,"baseline: scheduled setpoints, no override"
662,7,7,21.75,3.3961538687191615,0.0,0.0,0.0,0.26813901328740164,13.584615474876646,26.7,15.6,26.117,0.0818,1.0,0,"baseline: scheduled setpoints, no override"
663,7,7,22.0,3.3961538687191615,0.0,0.0,0.0,0.26813901328740164,13.584615474876646,26.7,15.6,26.099,0.0798,1.0,0,"baseline: scheduled setpoints, no override"
664,7,7,22.25,3.3961538687191615,0.0,0.0,0.0,0.26813901328740164,13.584615474876646,26.7,15.6,26.088,0.0786,1.0,0,"baseline: scheduled setpoints, no override"
665,7,7,22.5,3.3961538687191615,0.0,0.0,0.0,0.26813901328740164,13.584615474876646,26.7,15.6,26.082,0.0776,1.0,0,"baseline: scheduled setpoints, no override"
666,7,7,22.75,3.3961538687191615,0.0,0.0,0.0,0.26813901328740164,13.584615474876646,26.7,15.6,26.077,0.0761,1.0,0,"baseline: scheduled setpoints, no override"
667,7,7,23.0,3.3961538687191615,0.0,0.0,0.0,0.26813901328740164,13.584615474876646,26.7,15.6,26.07,0.0733,1.0,0,"baseline: scheduled setpoints, no override"
668,7,7,23.25,3.2193913687191618,0.0,0.0,0.0,0.26813901328740164,12.877565474876647,26.7,15.6,26.058,0.0701,1.0,0,"baseline: scheduled setpoints, no override"
669,7,7,23.5,3.2193913687191618,0.0,0.0,0.0,0.26813901328740164,12.877565474876647,26.7,15.6,26.04,0.066,1.0,0,"baseline: scheduled setpoints, no override"
670,7,7,23.75,3.2193913687191618,0.0,0.0,0.0,0.26813901328740164,12.877565474876647,26.7,15.6,26.018,0.0619,1.0,0,"baseline: scheduled setpoints, no override"
671,7,7,24.0,3.2193913687191618,0.0,0.0,0.0,0.26813901328740164,12.877565474876647,26.7,15.6,25.994,0.0582,1.0,0,"baseline: scheduled setpoints, no override"
672,7,8,0.25,3.2193913687191618,0.0,0.0,0.0,0.26813901328740164,12.877565474876647,26.7,15.6,25.976,0.0561,1.0,0,"baseline: scheduled setpoints, no override"
673,7,8,0.5,3.2193913687191618,0.0,0.0,0.0,0.26813901328740164,12.877565474876647,26.7,15.6,25.963,0.0551,1.0,0,"baseline: scheduled setpoints, no override"
674,7,8,0.75,3.2193913687191618,0.0,0.0,0.0,0.26813901328740164,12.877565474876647,26.7,15.6,25.953,0.0547,1.0,0,"baseline: scheduled setpoints, no override"
675,7,8,1.0,3.2193913687191618,0.0,0.0,0.0,0.26813901328740164,12.877565474876647,26.7,15.6,25.943,0.0545,1.0,0,"baseline: scheduled setpoints, no override"
676,7,8,1.25,3.2193913687191618,0.0,0.0,0.0,0.26813901328740164,12.877565474876647,26.7,15.6,25.939,0.0542,1.0,0,"baseline: scheduled setpoints, no override"
677,7,8,1.5,3.2193913687191618,0.0,0.0,0.0,0.26813901328740164,12.877565474876647,26.7,15.6,25.934,0.0533,1.0,0,"baseline: scheduled setpoints, no override"
678,7,8,1.75,3.2193913687191618,0.0,0.0,0.0,0.26813901328740164,12.877565474876647,26.7,15.6,25.925,0.051,1.0,0,"baseline: scheduled setpoints, no override"
679,7,8,2.0,3.2193913687191618,0.0,0.0,0.0,0.26813901328740164,12.877565474876647,26.7,15.6,25.914,0.0469,1.0,0,"baseline: scheduled setpoints, no override"
680,7,8,2.25,3.2193913687191618,0.0,0.0,0.0,0.26813901328740164,12.877565474876647,26.7,15.6,25.902,0.0443,1.0,0,"baseline: scheduled setpoints, no override"
681,7,8,2.5,3.2193913687191618,0.0,0.0,0.0,0.26813901328740164,12.877565474876647,26.7,15.6,25.891,0.042,1.0,0,"baseline: scheduled setpoints, no override"
682,7,8,2.75,3.2193913687191618,0.0,0.0,0.0,0.26813901328740164,12.877565474876647,26.7,15.6,25.879,0.0402,1.0,0,"baseline: scheduled setpoints, no override"
683,7,8,3.0,3.2193913687191618,0.0,0.0,0.0,0.26813901328740164,12.877565474876647,26.7,15.6,25.867,0.0391,1.0,0,"baseline: scheduled setpoints, no override"
684,7,8,3.25,3.2193913687191618,0.0,0.0,0.0,0.26813901328740164,12.877565474876647,26.7,15.6,25.858,0.0377,1.0,0,"baseline: scheduled setpoints, no override"
685,7,8,3.5,3.2193913687191618,0.0,0.0,0.0,0.26813901328740164,12.877565474876647,26.7,15.6,25.851,0.0366,1.0,0,"baseline: scheduled setpoints, no override"
686,7,8,3.75,3.2193913687191618,0.0,0.0,0.0,0.26813901328740164,12.877565474876647,26.7,15.6,25.846,0.0351,1.0,0,"baseline: scheduled setpoints, no override"
687,7,8,4.0,3.2193913687191618,0.0,0.0,0.0,0.26813901328740164,12.877565474876647,26.7,15.6,25.84,0.0326,1.0,0,"baseline: scheduled setpoints, no override"
688,7,8,4.25,3.2193913687191618,0.0,0.0,0.0,0.26813901328740164,12.877565474876647,26.7,15.6,25.831,0.0305,1.0,0,"baseline: scheduled setpoints, no override"
689,7,8,4.5,3.2193913687191618,0.0,0.0,0.0,0.26813901328740164,12.877565474876647,26.7,15.6,25.816,0.0277,1.0,0,"baseline: scheduled setpoints, no override"
690,7,8,4.75,3.2193913687191618,0.0,0.0,0.0,0.26813901328740164,12.877565474876647,26.7,15.6,25.797,0.0248,1.0,0,"baseline: scheduled setpoints, no override"
691,7,8,5.0,3.2193913687191618,0.0,0.0,0.0,0.26813901328740164,12.877565474876647,26.7,15.6,25.775,0.0221,1.0,0,"baseline: scheduled setpoints, no override"
692,7,8,5.25,4.500698645301058,0.0,0.0,0.0,0.26813901328740164,18.00279458120423,26.7,15.6,25.794,0.0286,1.0,0,"baseline: scheduled setpoints, no override"
693,7,8,5.5,4.602516648856424,0.0,0.0,0.0,0.3699570168427677,18.410066595425697,26.7,15.6,25.82,0.037,1.0,0,"baseline: scheduled setpoints, no override"
694,7,8,5.75,3.2643823681661552,0.0,0.0,0.0,0.3409155283335562,13.057529472664621,26.7,15.6,25.889,0.0706,1.0,0,"baseline: scheduled setpoints, no override"
695,7,8,6.0,3.232513028959039,0.0,0.0,0.0,0.3090553793606966,12.930052115836157,26.7,15.6,25.997,0.1079,1.0,0,"baseline: scheduled setpoints, no override"
696,7,8,6.25,3.21890531479678,0.0,0.0,0.0,0.2954577440822256,12.87562125918712,26.7,15.6,26.131,0.1537,1.0,0,"baseline: scheduled setpoints, no override"
697,7,8,6.5,3.2166911234494826,0.0,0.0,0.0,0.29324785325726616,12.86676449379793,26.7,15.6,26.268,0.1982,0.8667,0,"baseline: scheduled setpoints, no override"
698,7,8,6.75,5.323483732679746,1.950941867405827,0.0,0.15804030391334134,0.2910589900304618,21.293934930718983,26.7,15.6,26.142,0.195,0.8667,0,"baseline: scheduled setpoints, no override"
699,7,8,7.0,7.674401830755316,4.124315456926469,0.0,0.33558550466406534,0.2910589900304618,30.697607323021263,26.7,15.6,25.79,0.1394,0.8,1,"baseline: scheduled setpoints, no override"
700,7,8,7.25,7.832698488959573,4.234495988769368,0.0,0.38370163102542554,0.2910589900304618,31.330793955838292,26.7,15.6,25.633,0.1114,0.8667,1,"baseline: scheduled setpoints, no override"
701,7,8,7.5,8.183327870086543,4.603669591764389,0.0,0.36515740915737294,0.2910589900304618,32.733311480346174,26.7,15.6,25.607,0.114,0.8667,1,"baseline: scheduled setpoints, no override"
702,7,8,7.75,6.570950114170628,3.020863740341782,0.0,0.33558550466406534,0.2910589900304618,26.283800456682513,26.7,15.6,25.652,0.1306,0.8,1,"baseline: scheduled setpoints, no override"
703,7,8,8.0,6.727094423317625,3.128891923127419,0.0,0.38370163102542554,0.2910589900304618,26.9083776932705,26.7,15.6,25.79,0.1585,0.8,1,"baseline: scheduled setpoints, no override"
704,7,8,8.25,6.666425270659432,3.0706849546311257,0.0,0.3812394468635254,0.2910589900304618,26.665701082637728,26.7,15.6,25.866,0.1836,0.8,1,"baseline: scheduled setpoints, no override"
705,7,8,8.5,6.811230690678637,3.2505327494586638,0.0,0.34619707205519296,0.2910589900304618,27.24492276271455,26.7,15.6,25.865,0.1926,0.8,1,"baseline: scheduled setpoints, no override"
706,7,8,8.75,6.912454916684849,3.314252416494644,0.0,0.38370163102542554,0.2910589900304618,27.649819666739397,26.7,15.6,25.963,0.2117,0.8,1,"baseline: scheduled setpoints, no override"
707,7,8,9.0,6.786919483870411,3.180670331932193,0.0,0.3917482827734375,0.2910589900304618,27.147677935481646,26.7,15.6,26.036,0.2337,0.8,1,"baseline: scheduled setpoints, no override"
708,7,8,9.25,6.901051826339277,3.331502761957976,0.0,0.35504819521651976,0.2910589900304618,27.604207305357107,26.7,15.6,26.04,0.2431,0.8,1,"baseline: scheduled setpoints, no override"
709,7,8,9.5,6.9914689109877886,3.393266410797582,0.0,0.38370163102542554,0.2910589900304618,27.965875643951154,26.7,15.6,26.14,0.2625,0.8,1,"baseline: scheduled setpoints, no override"
710,7,8,9.75,6.818611952206554,3.2106634091662487,0.0,0.39344767387552493,0.2910589900304618,27.274447808826217,26.7,15.6,26.209,0.2806,0.8,1,"baseline: scheduled setpoints, no override"
711,7,8,10.0,6.942955451294477,3.372845942597358,0.0,0.3556086395323378,0.2910589900304618,27.771821805177908,26.7,15.6,26.193,0.2822,0.8,1,"baseline: scheduled setpoints, no override"
712,7,8,10.25,7.015263345911201,3.417060845720996,0.0,0.38370163102542554,0.2910589900304618,28.061053383644804,26.7,15.6,26.263,0.2914,0.8,1,"baseline: scheduled setpoints, no override"
713,7,8,10.5,6.81297890790459,3.208483878319523,0.0,0.3899941604202867,0.2910589900304618,27.25191563161836,26.7,15.6,26.322,0.3048,0.6667,1,"baseline: scheduled setpoints, no override"
714,7,8,10.75,6.9657204975346,3.3966560068742506,0.0,0.3545636214955698,0.2910589900304618,27.8628819901384,26.7,15.6,26.268,0.2937,0.8,1,"baseline: scheduled setpoints, no override"
715,7,8,11.0,6.97719876602593,3.378996265835725,0.0,0.38370163102542554,0.2910589900304618,27.90879506410372,26.7,15.6,26.325,0.2947,0.8,1,"baseline: scheduled setpoints, no override"
716,7,8,11.25,6.715994287682092,3.124434225284393,0.0,0.377059193232918,0.2910589900304618,26.863977150728367,26.7,15.6,26.388,0.3038,0.6667,1,"baseline: scheduled setpoints, no override"
717,7,8,11.5,6.945333364990384,3.377666995960894,0.0,0.3531654998647095,0.2910589900304618,27.781333459961537,26.7,15.6,26.302,0.2872,0.7333,1,"baseline: scheduled setpoints, no override"
718,7,8,11.75,6.908346575725279,3.310144075535072,0.0,0.38370163102542554,0.2910589900304618,27.633386302901116,26.7,15.6,26.374,0.2957,0.8667,1,"baseline: scheduled setpoints, no override"
719,7,8,12.0,6.675857245333878,3.08874767330233,0.0,0.37260870286676717,0.2910589900304618,26.703428981335513,26.7,15.6,26.459,0.3142,0.6667,1,"baseline: scheduled setpoints, no override"
720,7,8,12.25,6.974391973393844,3.3987160860954213,0.0,0.3611750181336437,0.2910589900304618,27.897567893575378,26.7,15.6,26.362,0.3016,0.6,1,"baseline: scheduled setpoints, no override"
721,7,8,12.5,6.866523236513168,3.268320736322962,0.0,0.38370163102542554,0.2910589900304618,27.466092946052672,26.7,15.6,26.464,0.3175,0.7333,1,"baseline: scheduled setpoints, no override"
722,7,8,12.75,6.687435783807882,3.093366599784635,0.0,0.3795683148584663,0.2910589900304618,26.74974313523153,26.7,15.6,26.53,0.3337,0.6667,1,"baseline: scheduled setpoints, no override"
723,7,8,13.0,7.005934537673785,3.418996704482336,0.0,0.3724369640266693,0.2910589900304618,28.02373815069514,26.7,15.6,26.411,0.3197,0.6,1,"baseline: scheduled setpoints, no override"
724,7,8,13.25,6.8721632447797685,3.2739607445895618,0.0,0.38370163102542554,0.2910589900304618,27.488652979119074,26.7,15.6,26.539,0.3443,0.5333,1,"baseline: scheduled setpoints, no override"
725,7,8,13.5,6.709029612387279,3.105558598097125,0.0,0.38897014512537414,0.2910589900304618,26.836118449549115,26.7,15.6,26.608,0.363,0.6,1,"baseline: scheduled setpoints, no override"
726,7,8,13.75,7.094120228517262,3.494379132577976,0.0,0.38524022677450515,0.2910589900304618,28.37648091406905,26.7,15.6,26.475,0.346,0.6,1,"baseline: scheduled setpoints, no override"
727,7,8,14.0,6.931812624609006,3.333610124418801,0.0,0.38370163102542554,0.2910589900304618,27.727250498436025,26.7,15.6,26.592,0.366,0.5333,1,"baseline: scheduled setpoints, no override"
728,7,8,14.25,6.712191789815704,3.09462842972908,0.0,0.40306249092184276,0.2910589900304618,26.848767159262817,26.7,15.6,26.683,0.3911,0.6,1,"baseline: scheduled setpoints, no override"
729,7,8,14.5,7.253025134822409,3.6284819281618494,0.0,0.41004233749577995,0.2910589900304618,29.012100539289637,26.7,15.6,26.551,0.3794,0.5333,1,"baseline: scheduled setpoints, no override"
730,7,8,14.75,6.9538807416621315,3.3556782414719257,0.0,0.38370163102542554,0.2910589900304618,27.815522966648526,26.7,15.6,26.663,0.3985,0.4667,1,"baseline: scheduled setpoints, no override"
731,7,8,15.0,6.70584895337628,3.0703362946953665,0.0,0.421011789516132,0.2910589900304618,26.82339581350512,26.7,15.6,26.749,0.4241,0.6,1,"baseline: scheduled setpoints, no override"
732,7,8,15.25,7.448545133375672,3.7970843275624784,0.0,0.43695993664841337,0.2910589900304618,29.794180533502686,26.7,15.6,26.596,0.4095,0.5333,1,"baseline: scheduled setpoints, no override"
733,7,8,15.5,7.108976122538607,3.5015694262845654,0.0,0.3929058270892612,0.2910589900304618,28.435904490154428,26.7,15.6,26.716,0.4315,0.4,1,"baseline: scheduled setpoints, no override"
734,7,8,15.75,6.90920944607521,3.255680267263788,0.0,0.43902830964664186,0.2910589900304618,27.63683778430084,26.7,15.6,26.813,0.46,0.5333,1,"baseline: scheduled setpoints, no override"
735,7,8,16.0,7.819927229980024,4.14235318836422,0.0,0.4630731724510233,0.2910589900304618,31.279708919920097,26.7,15.6,26.65,0.4405,0.5333,1,"baseline: scheduled setpoints, no override"
736,7,8,16.25,7.16440730967122,3.5528221219946503,0.0,0.3970843185117886,0.2910589900304618,28.65762923868488,26.7,15.6,26.757,0.4521,0.4,1,"baseline: scheduled setpoints, no override"
737,7,8,16.5,6.819134043280249,3.162635578374634,0.0,0.4419975957408349,0.2910589900304618,27.276536173120995,26.7,15.6,26.823,0.4685,0.5333,1,"baseline: scheduled setpoints, no override"
738,7,8,16.75,10.096670375621073,6.434754931327013,0.0,0.44741457512927857,0.2910589900304618,40.386681502484294,26.7,15.6,26.62,0.4277,0.6,1,"baseline: scheduled setpoints, no override"
739,7,8,17.0,8.405598849402438,4.806213309888329,0.0,0.3848846703493287,0.2910589900304618,33.62239539760975,26.7,15.6,26.696,0.4254,0.4667,1,"baseline: scheduled setpoints, no override"
740,7,8,17.25,6.0592881469073046,2.9459744015884155,0.0,0.4141902052191849,0.3375279477154128,24.237152587629218,26.7,15.6,26.718,0.4217,0.6,1,"baseline: scheduled setpoints, no override"
741,7,8,17.5,8.755265396859624,5.745150254038286,0.0,0.40626026208692434,0.24224765174848037,35.021061587438496,26.7,15.6,26.512,0.3766,0.6,1,"baseline: scheduled setpoints, no override"
742,7,8,17.75,7.273429118027503,4.285896458463322,0.0,0.38370163102542554,0.24224765174848037,29.09371647211001,26.7,15.6,26.564,0.3634,0.6667,1,"baseline: scheduled setpoints, no override"
743,7,8,18.0,5.827301261996562,2.8397753673117245,0.0,0.3830075117444005,0.2429350061501624,23.309205047986246,26.7,15.6,26.58,0.3503,0.6667,1,"baseline: scheduled setpoints, no override"
744,7,8,18.25,7.589618222910668,4.617243225902192,0.0,0.3630993249290924,0.2476921233247323,30.358472891642673,26.7,15.6,26.361,0.2882,0.7333,1,"baseline: scheduled setpoints, no override"
745,7,8,18.5,7.28360281598637,4.240960607930152,0.0,0.38370163102542554,0.29735583808415333,29.13441126394548,26.7,15.6,26.32,0.2548,0.8667,1,"baseline: scheduled setpoints, no override"
746,7,8,18.75,6.942334033321861,3.9484011170386353,0.0,0.3641967341880429,0.26813901328740164,27.769336133287442,26.7,15.6,26.27,0.2401,0.8,1,"baseline: scheduled setpoints, no override"
747,7,8,19.0,6.6802190028380455,3.7149046294548174,0.0,0.33558550466406534,0.26813901328740164,26.720876011352182,26.7,15.6,26.126,0.2094,0.9333,0,"baseline: scheduled setpoints, no override"
748,7,8,19.25,4.612278781001547,1.8050047115316608,0.0,0.17754520075072397,0.26813901328740164,18.449115124006187,26.7,15.6,26.337,0.2387,1.0,0,"baseline: scheduled setpoints, no override"
749,7,8,19.5,5.404638917665693,1.8023286186718304,0.0,0.20615643027470157,0.26813901328740164,21.618555670662772,26.7,15.6,26.503,0.2637,0.8667,0,"baseline: scheduled setpoints, no override"
750,7,8,19.75,9.564410341541125,5.626514537883194,0.0,0.5417419349387669,0.26813901328740164,38.2576413661645,26.7,15.6,25.973,0.1686,1.0,0,"baseline: scheduled setpoints, no override"
751,7,8,20.0,7.5565002990583645,3.8247609256751374,0.0,0.33558550466406534,0.26813901328740164,30.226001196233458,26.7,15.6,25.77,0.1145,1.0,0,"baseline: scheduled setpoints, no override"
752,7,8,20.25,3.3961538687191615,0.0,0.0,0.0,0.26813901328740164,13.584615474876646,26.7,15.6,26.259,0.1916,1.0,0,"baseline: scheduled setpoints, no override"
753,7,8,20.5,3.3961538687191615,0.0,0.0,0.0,0.26813901328740164,13.584615474876646,26.7,15.6,26.71,0.2818,0.9333,0,"baseline: scheduled setpoints, no override"
754,7,8,20.75,5.537687377906837,1.9639883084369523,0.0,0.17754520075072397,0.26813901328740164,22.15074951162735,26.7,15.6,26.605,0.2715,0.9333,0,"baseline: scheduled setpoints, no override"
755,7,8,21.0,7.771447882628432,4.039708509245205,0.0,0.33558550466406534,0.26813901328740164,31.085791530513728,26.7,15.6,26.132,0.181,1.0,0,"baseline: scheduled setpoints, no override"
756,7,8,21.25,5.633961929896182,2.0797677572636792,0.0,0.15804030391334134,0.26813901328740164,22.535847719584726,26.7,15.6,26.061,0.1543,1.0,0,"baseline: scheduled setpoints, no override"
757,7,8,21.5,3.3961538687191615,0.0,0.0,0.0,0.26813901328740164,13.584615474876646,26.7,15.6,26.396,0.2113,1.0,0,"baseline: scheduled setpoints, no override"
758,7,8,21.75,5.614582669319442,2.0408835998495563,0.0,0.17754520075072397,0.26813901328740164,22.458330677277768,26.7,15.6,26.399,0.2181,1.0,0,"baseline: scheduled setpoints, no override"
759,7,8,22.0,5.73613217623501,2.1624331067651243,0.0,0.17754520075072397,0.26813901328740164,22.94452870494004,26.7,15.6,26.295,0.1989,1.0,0,"baseline: scheduled setpoints, no override"
760,7,8,22.25,3.3961538687191615,0.0,0.0,0.0,0.26813901328740164,13.584615474876646,26.7,15.6,26.46,0.2263,1.0,0,"baseline: scheduled setpoints, no override"
761,7,8,22.5,3.3961538687191615,0.0,0.0,0.0,0.26813901328740164,13.584615474876646,26.7,15.6,26.638,0.265,1.0,0,"baseline: scheduled setpoints, no override"
762,7,8,22.75,3.3961538687191615,0.0,0.0,0.0,0.26813901328740164,13.584615474876646,26.7,15.6,26.727,0.2893,1.0,0,"baseline: scheduled setpoints, no override"
763,7,8,23.0,5.793997689745194,2.2202986202753077,0.0,0.17754520075072397,0.26813901328740164,23.175990758980777,26.7,15.6,26.477,0.2486,1.0,0,"baseline: scheduled setpoints, no override"
764,7,8,23.25,6.450865569955731,2.272635639084439,0.0,0.17754520075072397,0.26813901328740164,25.803462279822924,26.7,15.6,26.298,0.2124,1.0,0,"baseline: scheduled setpoints, no override"
765,7,8,23.5,4.000684730120568,0.0,0.0,0.0,0.26813901328740164,16.002738920482273,26.7,15.6,26.484,0.2409,1.0,0,"baseline: scheduled setpoints, no override"
766,7,8,23.75,6.232968907734644,2.074243873700734,0.0,0.15804030391334134,0.26813901328740164,24.931875630938578,26.7,15.6,26.415,0.23,1.0,0,"baseline: scheduled setpoints, no override"
767,7,8,24.0,6.2746888794071465,2.1159638453732366,0.0,0.15804030391334134,0.26813901328740164,25.098755517628586,26.7,15.6,26.289,0.2023,1.0,0,"baseline: scheduled setpoints, no override"
768,7,9,0.25,4.000684730120568,0.0,0.0,0.0,0.26813901328740164,16.002738920482273,26.7,15.6,26.45,0.2241,1.0,0,"baseline: scheduled setpoints, no override"
769,7,9,0.5,4.000684730120568,0.0,0.0,0.0,0.26813901328740164,16.002738920482273,26.7,15.6,26.626,0.2578,1.0,0,"baseline: scheduled setpoints, no override"
770,7,9,0.75,4.000684730120568,0.0,0.0,0.0,0.26813901328740164,16.002738920482273,26.7,15.6,26.724,0.2788,1.0,0,"baseline: scheduled setpoints, no override"
771,7,9,1.0,4.000684730120568,0.0,0.0,0.0,0.26813901328740164,16.002738920482273,26.7,15.6,26.746,0.2843,1.0,0,"baseline: scheduled setpoints, no override"
772,7,9,1.25,4.000684730120568,0.0,0.0,0.0,0.26813901328740164,16.002738920482273,26.7,15.6,26.738,0.2832,1.0,0,"baseline: scheduled setpoints, no override"
773,7,9,1.5,4.000684730120568,0.0,0.0,0.0,0.26813901328740164,16.002738920482273,26.7,15.6,26.729,0.2809,1.0,0,"baseline: scheduled setpoints, no override"
774,7,9,1.75,4.000684730120568,0.0,0.0,0.0,0.26813901328740164,16.002738920482273,26.7,15.6,26.723,0.2791,1.0,0,"baseline: scheduled setpoints, no override"
775,7,9,2.0,4.000684730120568,0.0,0.0,0.0,0.26813901328740164,16.002738920482273,26.7,15.6,26.719,0.2773,1.0,0,"baseline: scheduled setpoints, no override"
776,7,9,2.25,4.000684730120568,0.0,0.0,0.0,0.26813901328740164,16.002738920482273,26.7,15.6,26.715,0.2757,1.0,0,"baseline: scheduled setpoints, no override"
777,7,9,2.5,4.000684730120568,0.0,0.0,0.0,0.26813901328740164,16.002738920482273,26.7,15.6,26.71,0.2739,1.0,0,"baseline: scheduled setpoints, no override"
778,7,9,2.75,4.000684730120568,0.0,0.0,0.0,0.26813901328740164,16.002738920482273,26.7,15.6,26.704,0.2721,1.0,0,"baseline: scheduled setpoints, no override"
779,7,9,3.0,4.000684730120568,0.0,0.0,0.0,0.26813901328740164,16.002738920482273,26.7,15.6,26.699,0.2701,1.0,0,"baseline: scheduled setpoints, no override"
780,7,9,3.25,4.000684730120568,0.0,0.0,0.0,0.26813901328740164,16.002738920482273,26.7,15.6,26.691,0.2674,1.0,0,"baseline: scheduled setpoints, no override"
781,7,9,3.5,4.000684730120568,0.0,0.0,0.0,0.26813901328740164,16.002738920482273,26.7,15.6,26.68,0.2641,1.0,0,"baseline: scheduled setpoints, no override"
782,7,9,3.75,4.000684730120568,0.0,0.0,0.0,0.26813901328740164,16.002738920482273,26.7,15.6,26.669,0.2605,1.0,0,"baseline: scheduled setpoints, no override"
783,7,9,4.0,4.000684730120568,0.0,0.0,0.0,0.26813901328740164,16.002738920482273,26.7,15.6,26.656,0.2567,1.0,0,"baseline: scheduled setpoints, no override"
784,7,9,4.25,4.000684730120568,0.0,0.0,0.0,0.26813901328740164,16.002738920482273,25.6,17.8,26.647,0.2541,1.0,0,"baseline: scheduled setpoints, no override"
785,7,9,4.5,4.000684730120568,0.0,0.0,0.0,0.26813901328740164,16.002738920482273,26.7,15.6,26.642,0.2522,1.0,0,"baseline: scheduled setpoints, no override"
786,7,9,4.75,4.000684730120568,0.0,0.0,0.0,0.26813901328740164,16.002738920482273,26.7,15.6,26.638,0.2507,1.0,0,"baseline: scheduled setpoints, no override"
787,7,9,5.0,4.000684730120568,0.0,0.0,0.0,0.26813901328740164,16.002738920482273,26.7,15.6,26.634,0.2494,1.0,0,"baseline: scheduled setpoints, no override"
788,7,9,5.25,11.721881592793578,5.708615931406255,0.0,0.5417419349387669,0.26813901328740164,46.88752637117431,26.7,15.6,25.879,0.1106,1.0,0,"baseline: scheduled setpoints, no override"
789,7,9,5.5,14.802709025737235,8.25451930280794,0.0,0.604890976082606,0.7399140336855354,59.21083610294894,25.0,20.0,25.003,-0.0686,1.0,0,"baseline: scheduled setpoints, no override"
790,7,9,5.75,11.42275237926537,6.299178868832554,0.0,0.5417419349387669,0.687364604410273,45.69100951706148,25.0,20.0,24.907,-0.1041,1.0,0,"baseline: scheduled setpoints, no override"
791,7,9,6.0,12.353146144185176,7.275841993843662,0.0,0.55836813922217,0.6244921672807268,49.412584576740706,25.0,20.0,24.942,-0.0999,1.0,0,"baseline: scheduled setpoints, no override"
792,7,9,6.25,32.79871707860701,16.870049537519918,0.0,7.419265566875741,1.7942614437525854,131.19486831442805,24.0,21.0,24.518,-0.1222,1.0,0,"baseline: scheduled setpoints, no override"
793,7,9,6.5,32.83718424833112,16.937032354086398,0.0,7.419265566875741,1.7652270698331713,131.34873699332448,24.0,21.0,24.395,-0.0965,1.0,0,"baseline: scheduled setpoints, no override"
794,7,9,6.75,29.353275589499628,15.470951014908367,0.0,5.4167864682345845,1.7498917865293555,117.41310235799851,24.0,21.0,24.378,-0.0796,1.0,0,"baseline: scheduled setpoints, no override"
795,7,9,7.0,23.601974134618057,13.618691749788251,0.0,1.5212889569301478,1.7463539401827715,94.40789653847223,24.0,21.0,24.043,-0.1671,1.0,1,"baseline: scheduled setpoints, no override"
796,7,9,7.25,42.003303701494765,16.567814514772063,0.0,5.808138621560054,5.239061820548314,168.01321480597906,24.0,21.0,24.041,-0.1837,1.0,1,"baseline: scheduled setpoints, no override"
797,7,9,7.5,42.27431801884742,16.832161539814287,0.0,5.810212203675985,5.239061820548314,169.09727207538967,24.0,21.0,24.175,-0.1607,1.0,1,"baseline: scheduled setpoints, no override"
798,7,9,7.75,42.24135632262478,16.79437645287499,0.0,5.815035594392642,5.239061820548314,168.96542529049913,24.0,21.0,24.195,-0.1511,1.0,1,"baseline: scheduled setpoints, no override"
799,7,9,8.0,42.25475489131706,16.75974404219798,0.0,5.863066573761931,5.239061820548314,169.01901956526825,24.0,21.0,24.158,-0.1528,1.0,1,"baseline: scheduled setpoints, no override"
800,7,9,8.25,38.27701550512021,16.776381788943162,0.0,3.9643406401686527,5.239061820548314,153.10806202048084,24.0,21.0,24.106,-0.1654,1.0,1,"baseline: scheduled setpoints, no override"
801,7,9,8.5,38.514658976388446,16.79353934727342,0.0,4.184826553106621,5.239061820548314,154.05863590555379,24.0,21.0,24.111,-0.1665,1.0,1,"baseline: scheduled setpoints, no override"
802,7,9,8.75,38.78561135736569,17.002733121470936,0.0,4.246585159886347,5.239061820548314,155.14244542946275,24.0,21.0,24.121,-0.1636,1.0,1,"baseline: scheduled setpoints, no override"
803,7,9,9.0,38.82272618842449,17.01200751559823,0.0,4.274425596817865,5.239061820548314,155.29090475369796,24.0,21.0,24.129,-0.1592,1.0,1,"baseline: scheduled setpoints, no override"
804,7,9,9.25,38.22507211598827,16.910196726101937,0.0,4.262194050687185,5.239061820548314,152.90028846395307,24.0,21.0,24.123,-0.1574,1.0,1,"baseline: scheduled setpoints, no override"
805,7,9,9.5,38.36563250905185,17.010722536991423,0.0,4.302228632861286,5.239061820548314,153.4625300362074,24.0,21.0,24.123,-0.1549,1.0,1,"baseline: scheduled setpoints, no override"
806,7,9,9.75,38.59944523560494,17.206005159452335,0.0,4.340758736953469,5.239061820548314,154.39778094241976,24.0,21.0,24.13,-0.1506,1.0,1,"baseline: scheduled setpoints, no override"
807,7,9,10.0,38.91968877830002,17.345836535337153,0.0,4.521170903763723,5.239061820548314,155.67875511320008,24.0,21.0,24.137,-0.1454,1.0,1,"baseline: scheduled setpoints, no override"
808,7,9,10.25,39.32885563499966,17.289722986553702,0.0,4.5028395724375585,5.239061820548314,157.31542253999865,24.0,21.0,24.144,-0.1416,1.0,1,"baseline: scheduled setpoints, no override"
809,7,9,10.5,39.167234360699524,17.13556046369091,0.0,4.495380821000218,5.239061820548314,156.6689374427981,24.0,21.0,24.141,-0.1411,1.0,1,"baseline: scheduled setpoints, no override"
810,7,9,10.75,38.904958307890276,16.912232779293788,0.0,4.456432452588084,5.239061820548314,155.6198332315611,24.0,21.0,24.127,-0.1474,1.0,1,"baseline: scheduled setpoints, no override"
811,7,9,11.0,38.61578129476776,16.636844540263603,0.0,4.442643678495757,5.239061820548314,154.46312517907103,24.0,21.0,24.108,-0.156,1.0,1,"baseline: scheduled setpoints, no override"
812,7,9,11.25,38.269672331479796,16.688028207230936,0.0,3.8358160863164024,5.239061820548314,153.07868932591919,24.0,21.0,24.098,-0.1639,1.0,1,"baseline: scheduled setpoints, no override"
813,7,9,11.5,38.084953277829165,16.869752344927086,0.0,3.469372894969611,5.239061820548314,152.33981311131666,24.0,21.0,24.098,-0.167,1.0,1,"baseline: scheduled setpoints, no override"
814,7,9,11.75,38.05331752941133,17.030487211027094,0.0,3.277002280451769,5.239061820548314,152.21327011764532,24.0,21.0,24.1,-0.1763,1.0,1,"baseline: scheduled setpoints, no override"
815,7,9,12.0,37.959536816314085,17.21917278016592,0.0,2.994535998215702,5.239061820548314,151.83814726525634,24.0,21.0,24.104,-0.1839,1.0,1,"baseline: scheduled setpoints, no override"
816,7,9,12.25,39.75288247123627,17.59089905380461,0.0,4.222680538288894,5.239061820548314,159.01152988494508,24.0,21.0,24.042,-0.1978,1.0,1,"baseline: scheduled setpoints, no override"
817,7,9,12.5,39.285380374927854,17.560368953815253,0.0,3.785708541969834,5.239061820548314,157.14152149971142,24.0,21.0,24.019,-0.2071,1.0,1,"baseline: scheduled setpoints, no override"
818,7,9,12.75,39.416946234561195,17.68504232709392,0.0,3.792601028324505,5.239061820548314,157.66778493824478,24.0,21.0,24.006,-0.211,1.0,1,"baseline: scheduled setpoints, no override"
819,7,9,13.0,39.60159209847231,17.784177150273727,0.0,3.8781120690558013,5.239061820548314,158.40636839388924,24.0,21.0,24.007,-0.209,1.0,1,"baseline: scheduled setpoints, no override"
820,7,9,13.25,38.210165959893835,17.640724342941695,0.0,3.516760277752997,5.239061820548314,152.84066383957534,24.0,21.0,24.032,-0.2014,1.0,1,"baseline: scheduled setpoints, no override"
821,7,9,13.5,38.681573157954446,17.67109455468877,0.0,3.957797264066532,5.239061820548314,154.72629263181778,24.0,21.0,24.039,-0.1937,1.0,1,"baseline: scheduled setpoints, no override"
822,7,9,13.75,38.966467596479376,17.745236776700075,0.0,4.168549480580159,5.239061820548314,155.8658703859175,24.0,21.0,24.043,-0.1872,1.0,1,"baseline: scheduled setpoints, no override"
823,7,9,14.0,39.4406287727672,17.83143767703654,0.0,4.556509756531523,5.239061820548314,157.7625150910688,24.0,21.0,24.049,-0.1782,1.0,1,"baseline: scheduled setpoints, no override"
824,7,9,14.25,40.109248745106825,17.810165725974336,0.0,5.2464016799333475,5.239061820548314,160.4369949804273,24.0,21.0,24.052,-0.1709,1.0,1,"baseline: scheduled setpoints, no override"
825,7,9,14.5,40.25483710425651,17.798999073203458,0.0,5.403156691853908,5.239061820548314,161.01934841702604,24.0,21.0,24.068,-0.1623,1.0,1,"baseline: scheduled setpoints, no override"
826,7,9,14.75,40.49822621514018,17.795254675176825,0.0,5.650290200764213,5.239061820548314,161.9929048605607,24.0,21.0,24.092,-0.1508,1.0,1,"baseline: scheduled setpoints, no override"
827,7,9,15.0,40.56739831430526,17.796860696190215,0.0,5.717856278915906,5.239061820548314,162.26959325722103,24.0,21.0,24.125,-0.138,1.0,1,"baseline: scheduled setpoints, no override"
828,7,9,15.25,41.60284763683348,17.989710665380404,0.0,5.835038016014491,5.239061820548314,166.41139054733392,24.0,21.0,24.156,-0.1254,1.0,1,"baseline: scheduled setpoints, no override"
829,7,9,15.5,41.64158589828561,18.024434941616978,0.0,5.839052001230052,5.239061820548314,166.56634359314245,24.0,21.0,24.186,-0.1132,1.0,1,"baseline: scheduled setpoints, no override"
830,7,9,15.75,41.629608835404234,18.00998055218229,0.0,5.8415293277833635,5.239061820548314,166.51843534161694,24.0,21.0,24.204,-0.1071,1.0,1,"baseline: scheduled setpoints, no override"
831,7,9,16.0,41.6016423012966,17.98407812085796,0.0,5.839465225000045,5.239061820548314,166.4065692051864,24.0,21.0,24.213,-0.1044,1.0,1,"baseline: scheduled setpoints, no override"
832,7,9,16.25,34.18791833351376,17.75535163226009,0.0,3.652789879112958,2.9105899003046205,136.75167333405503,24.0,21.0,24.1,-0.1408,1.0,1,"baseline: scheduled setpoints, no override"
833,7,9,16.5,32.48097277991238,17.314734138486198,0.0,2.3878413046066918,2.9105899003046205,129.9238911196495,24.0,21.0,24.078,-0.1681,1.0,1,"baseline: scheduled setpoints, no override"
834,7,9,16.75,32.624580982113315,17.279936899698196,0.0,2.5662467455956324,2.9105899003046205,130.49832392845326,24.0,21.0,24.067,-0.1815,1.0,1,"baseline: scheduled setpoints, no override"
835,7,9,17.0,32.25218527900136,16.984245957838738,0.0,2.489541984343133,2.9105899003046205,129.00874111600544,24.0,21.0,24.06,-0.1917,1.0,1,"baseline: scheduled setpoints, no override"
836,7,9,17.25,23.199649567910132,14.896733310369452,0.0,1.6940243327090432,1.7463539401827715,92.79859827164053,24.0,21.0,24.007,-0.2162,1.0,1,"baseline: scheduled setpoints, no override"
837,7,9,17.5,22.563228796944898,14.314708641780394,0.0,1.6401483053624744,1.7463539401827715,90.25291518777959,24.0,21.0,24.0,-0.2252,1.0,1,"baseline: scheduled setpoints, no override"
838,7,9,17.75,21.996296398655314,13.845732642684014,0.0,1.5421919061692704,1.7463539401827715,87.98518559462126,24.0,21.0,24.0,-0.2411,1.0,1,"baseline: scheduled setpoints, no override"
839,7,9,18.0,21.34638402620424,13.310271802944238,0.0,1.4277403734579759,1.7463539401827715,85.38553610481696,24.0,21.0,24.0,-0.255,1.0,1,"baseline: scheduled setpoints, no override"
840,7,9,18.25,19.68717018773198,12.463355997618807,0.0,1.2601796743411906,1.7463539401827715,78.74868075092792,24.0,21.0,24.0,-0.2734,1.0,1,"baseline: scheduled setpoints, no override"
841,7,9,18.5,18.97060117106191,11.839597903076548,0.0,1.1608043765942144,1.7529183158019355,75.88240468424765,24.0,21.0,24.0,-0.2895,1.0,1,"baseline: scheduled setpoints, no override"
842,7,9,18.75,18.409018541979208,11.334482119349879,0.0,1.0884150135156507,1.7688379177466582,73.63607416791683,24.0,21.0,24.0,-0.3023,1.0,1,"baseline: scheduled setpoints, no override"
843,7,9,19.0,17.863816145998992,10.824834267715403,0.0,1.0167821090145701,1.8049092060241203,71.45526458399597,24.0,21.0,24.0,-0.3162,1.0,0,"baseline: scheduled setpoints, no override"
844,7,9,19.25,16.83283211584608,10.344136975703242,0.0,0.9351560873304292,1.336232462271512,67.33132846338432,24.0,21.0,24.0,-0.3321,1.0,0,"baseline: scheduled setpoints, no override"
845,7,9,19.5,17.124215687660573,9.808599402243596,0.0,0.8522644882219129,1.4798280673710709,68.4968627506423,24.0,21.0,24.0,-0.3529,1.0,0,"baseline: scheduled setpoints, no override"
846,7,9,19.75,16.758817338581103,9.484522503104724,0.0,0.8108794410050664,1.4798280673710709,67.03526935432441,24.0,21.0,24.0,-0.3608,1.0,0,"baseline: scheduled setpoints, no override"
847,7,9,20.0,16.475241934149413,9.230838901357597,0.0,0.7809876383205008,1.4798280673710709,65.90096773659765,24.0,21.0,24.0,-0.3678,1.0,0,"baseline: scheduled setpoints, no override"
848,7,9,20.25,15.903041863599,9.014979982759414,0.0,0.7470150973714559,1.4798280673710709,63.612167454396,24.0,21.0,24.0,-0.3735,1.0,0,"baseline: scheduled setpoints, no override"
849,7,9,20.5,15.743891778286866,8.878518837245695,0.0,0.724326157573041,1.4798280673710709,62.97556711314746,24.0,21.0,24.0,-0.3789,1.0,0,"baseline: scheduled setpoints, no override"
850,7,9,20.75,15.61692170285368,8.76938465366839,0.0,0.7064902657171587,1.4798280673710709,62.46768681141472,24.0,21.0,24.0,-0.384,1.0,0,"baseline: scheduled setpoints, no override"
851,7,9,21.0,15.500531308864703,8.668897453863599,0.0,0.6905870715329753,1.4798280673710709,62.00212523545881,24.0,21.0,24.0,-0.3887,1.0,0,"baseline: scheduled setpoints, no override"
852,7,9,21.25,5.401132749782597,0.0,0.0,0.0,0.7399140336855354,21.60453099913039,26.7,15.6,24.929,-0.2174,1.0,0,"baseline: scheduled setpoints, no override"
853,7,9,21.5,5.400806004769311,0.0,0.0,0.0,0.7399140336855354,21.603224019077246,26.7,15.6,25.736,-0.041,1.0,0,"baseline: scheduled setpoints, no override"
854,7,9,21.75,5.400806004769311,0.0,0.0,0.0,0.7399140336855354,21.603224019077246,26.7,15.6,26.152,0.0621,1.0,0,"baseline: scheduled setpoints, no override"
855,7,9,22.0,5.400806004769311,0.0,0.0,0.0,0.7399140336855354,21.603224019077246,26.7,15.6,26.255,0.0995,1.0,0,"baseline: scheduled setpoints, no override"
856,7,9,22.25,5.030848987926544,0.0,0.0,0.0,0.3699570168427677,20.123395951706176,26.7,15.6,26.265,0.1145,1.0,0,"baseline: scheduled setpoints, no override"
857,7,9,22.5,5.030686389287992,0.0,0.0,0.0,0.3699570168427677,20.12274555715197,26.7,15.6,26.293,0.1303,1.0,0,"baseline: scheduled setpoints, no override"
858,7,9,22.75,5.030686389287992,0.0,0.0,0.0,0.3699570168427677,20.12274555715197,26.7,15.6,26.343,0.1496,1.0,0,"baseline: scheduled setpoints, no override"
859,7,9,23.0,5.030686389287992,0.0,0.0,0.0,0.3699570168427677,20.12274555715197,26.7,15.6,26.391,0.1686,1.0,0,"baseline: scheduled setpoints, no override"
860,7,9,23.25,4.161603085050822,0.0,0.0,0.0,0.42902242127888573,16.646412340203288,26.7,15.6,26.381,0.1743,1.0,0,"baseline: scheduled setpoints, no override"
861,7,9,23.5,4.0007399666498555,0.0,0.0,0.0,0.26813901328740164,16.002959866599422,26.7,15.6,26.355,0.175,1.0,0,"baseline: scheduled setpoints, no override"
862,7,9,23.75,4.000684730120568,0.0,0.0,0.0,0.26813901328740164,16.002738920482273,26.7,15.6,26.341,0.1769,1.0,0,"baseline: scheduled setpoints, no override"
863,7,9,24.0,4.000684730120568,0.0,0.0,0.0,0.26813901328740164,16.002738920482273,26.7,15.6,26.34,0.1808,1.0,0,"baseline: scheduled setpoints, no override"
864,7,10,0.25,4.000684730120568,0.0,0.0,0.0,0.26813901328740164,16.002738920482273,26.7,15.6,26.345,0.1862,1.0,0,"baseline: scheduled setpoints, no override"
865,7,10,0.5,4.000684730120568,0.0,0.0,0.0,0.26813901328740164,16.002738920482273,26.7,15.6,26.351,0.1915,1.0,0,"baseline: scheduled setpoints, no override"
866,7,10,0.75,4.000684730120568,0.0,0.0,0.0,0.26813901328740164,16.002738920482273,26.7,15.6,26.356,0.1964,1.0,0,"baseline: scheduled setpoints, no override"
867,7,10,1.0,4.000684730120568,0.0,0.0,0.0,0.26813901328740164,16.002738920482273,26.7,15.6,26.359,0.201,1.0,0,"baseline: scheduled setpoints, no override"
868,7,10,1.25,4.000684730120568,0.0,0.0,0.0,0.26813901328740164,16.002738920482273,26.7,15.6,26.363,0.2053,1.0,0,"baseline: scheduled setpoints, no override"
869,7,10,1.5,4.000684730120568,0.0,0.0,0.0,0.26813901328740164,16.002738920482273,26.7,15.6,26.366,0.2094,1.0,0,"baseline: scheduled setpoints, no override"
870,7,10,1.75,4.000684730120568,0.0,0.0,0.0,0.26813901328740164,16.002738920482273,26.7,15.6,26.37,0.2132,1.0,0,"baseline: scheduled setpoints, no override"
871,7,10,2.0,4.000684730120568,0.0,0.0,0.0,0.26813901328740164,16.002738920482273,26.7,15.6,26.373,0.2168,1.0,0,"baseline: scheduled setpoints, no override"
872,7,10,2.25,4.000684730120568,0.0,0.0,0.0,0.26813901328740164,16.002738920482273,26.7,15.6,26.373,0.2191,1.0,0,"baseline: scheduled setpoints, no override"
873,7,10,2.5,4.000684730120568,0.0,0.0,0.0,0.26813901328740164,16.002738920482273,26.7,15.6,26.37,0.2208,1.0,0,"baseline: scheduled setpoints, no override"
874,7,10,2.75,4.000684730120568,0.0,0.0,0.0,0.26813901328740164,16.002738920482273,26.7,15.6,26.366,0.2221,1.0,0,"baseline: scheduled setpoints, no override"
875,7,10,3.0,4.000684730120568,0.0,0.0,0.0,0.26813901328740164,16.002738920482273,26.7,15.6,26.362,0.2232,1.0,0,"baseline: scheduled setpoints, no override"
876,7,10,3.25,4.000684730120568,0.0,0.0,0.0,0.26813901328740164,16.002738920482273,26.7,15.6,26.359,0.2245,1.0,0,"baseline: scheduled setpoints, no override"
877,7,10,3.5,4.000684730120568,0.0,0.0,0.0,0.26813901328740164,16.002738920482273,26.7,15.6,26.357,0.225,1.0,0,"baseline: scheduled setpoints, no override"
878,7,10,3.75,4.000684730120568,0.0,0.0,0.0,0.26813901328740164,16.002738920482273,26.7,15.6,26.354,0.225,1.0,0,"baseline: scheduled setpoints, no override"
879,7,10,4.0,4.000684730120568,0.0,0.0,0.0,0.26813901328740164,16.002738920482273,26.7,15.6,26.35,0.2236,1.0,0,"baseline: scheduled setpoints, no override"
880,7,10,4.25,9.010273205152933,4.467846540093597,0.0,0.5417419349387669,0.26813901328740164,36.04109282061173,25.6,17.8,25.555,0.0631,1.0,0,"baseline: scheduled setpoints, no override"
881,7,10,4.5,9.005953575762975,4.4635269107036395,0.0,0.5417419349387669,0.26813901328740164,36.0238143030519,25.6,17.8,24.877,-0.098,1.0,0,"baseline: scheduled setpoints, no override"
882,7,10,4.75,4.000684730120568,0.0,0.0,0.0,0.26813901328740164,16.002738920482273,25.6,17.8,25.293,-0.0528,1.0,0,"baseline: scheduled setpoints, no override"
883,7,10,5.0,4.000684730120568,0.0,0.0,0.0,0.26813901328740164,16.002738920482273,25.6,17.8,25.856,0.0505,1.0,0,"baseline: scheduled setpoints, no override"
884,7,10,5.25,13.561486062717348,7.496400884501683,0.0,0.5935614517671125,0.26813901328740164,54.24594425086939,25.0,20.0,25.075,-0.0897,1.0,0,"baseline: scheduled setpoints, no override"
885,7,10,5.5,12.216325867282936,5.731285185497479,0.0,0.5417419349387669,0.7399140336855354,48.865303469131746,25.0,20.0,24.637,-0.1947,1.0,0,"baseline: scheduled setpoints, no override"
886,7,10,5.75,11.591679510183791,6.456680984325785,0.0,0.5417419349387669,0.6987896198354626,46.366718040735165,25.0,20.0,24.68,-0.1985,1.0,0,"baseline: scheduled setpoints, no override"
887,7,10,6.0,11.5722770520646,6.508043889061297,0.0,0.5417419349387669,0.6280423569092772,46.2891082082584,25.0,20.0,24.794,-0.1771,1.0,0,"baseline: scheduled setpoints, no override"
888,7,10,6.25,20.966934437052995,11.10085976165332,0.0,1.3518370919102258,1.7990954865363573,83.86773774821198,24.0,21.0,24.093,-0.2991,1.0,0,"baseline: scheduled setpoints, no override"
889,7,10,6.5,18.70326267221061,9.412959025175443,0.0,0.8031321458805742,1.771510089260983,74.81305068884244,24.0,21.0,24.007,-0.3308,1.0,0,"baseline: scheduled setpoints, no override"
890,7,10,6.75,20.544986406236404,10.951730529847346,0.0,1.124617905362204,1.752988851758374,82.17994562494562,24.0,21.0,24.0,-0.3295,1.0,0,"baseline: scheduled setpoints, no override"
891,7,10,7.0,21.053599277575884,11.470672394060998,0.0,1.120932075895553,1.7463539401827715,84.21439711030354,24.0,21.0,23.999,-0.3195,1.0,1,"baseline: scheduled setpoints, no override"
892,7,10,7.25,36.12390387695524,14.26206050173812,0.0,2.2344928100544825,5.239061820548314,144.49561550782096,24.0,21.0,23.999,-0.2934,1.0,1,"baseline: scheduled setpoints, no override"
893,7,10,7.5,36.99260364502699,14.982826530862477,0.0,2.37783283880737,5.239061820548314,147.97041458010796,24.0,21.0,23.999,-0.279,1.0,1,"baseline: scheduled setpoints, no override"
894,7,10,7.75,37.49798217565398,15.345288676020202,0.0,2.5207492242766376,5.239061820548314,149.99192870261592,24.0,21.0,23.999,-0.2689,1.0,1,"baseline: scheduled setpoints, no override"
895,7,10,8.0,38.03441974258719,15.749575256754659,0.0,2.6529002104753885,5.239061820548314,152.13767897034876,24.0,21.0,23.999,-0.2593,1.0,1,"baseline: scheduled setpoints, no override"
896,7,10,8.25,35.73597323032349,15.706561081087903,0.0,2.4931190732271906,5.239061820548314,142.94389292129395,24.0,21.0,23.999,-0.2512,1.0,1,"baseline: scheduled setpoints, no override"
897,7,10,8.5,36.2917911195904,16.12962811730356,0.0,2.625869926278447,5.239061820548314,145.1671644783616,24.0,21.0,23.999,-0.2424,1.0,1,"baseline: scheduled setpoints, no override"
898,7,10,8.75,36.778893088157545,16.541961358376092,0.0,2.700638653773061,5.239061820548314,147.11557235263018,24.0,21.0,23.999,-0.2364,1.0,1,"baseline: scheduled setpoints, no override"
899,7,10,9.0,37.257228707100964,16.86177156017087,0.0,2.8591640709216932,5.239061820548314,149.02891482840386,24.0,21.0,23.999,-0.2304,1.0,1,"baseline: scheduled setpoints, no override"
900,7,10,9.25,36.1507326748988,16.432967051096348,0.0,2.6650842846033025,5.239061820548314,144.6029306995952,24.0,21.0,24.029,-0.2208,1.0,1,"baseline: scheduled setpoints, no override"
901,7,10,9.5,36.10575166358929,16.290603700429244,0.0,2.7624666239608997,5.239061820548314,144.42300665435715,24.0,21.0,24.034,-0.216,1.0,1,"baseline: scheduled setpoints, no override"
902,7,10,9.75,35.907931722270774,16.091141659998343,0.0,2.764108723073296,5.239061820548314,143.6317268890831,24.0,21.0,24.036,-0.2144,1.0,1,"baseline: scheduled setpoints, no override"
903,7,10,10.0,35.711048702885016,15.8732532306727,0.0,2.7851141330131752,5.239061820548314,142.84419481154006,24.0,21.0,24.036,-0.2139,1.0,1,"baseline: scheduled setpoints, no override"
904,7,10,10.25,36.95226279799227,16.46134653051769,0.0,2.9546231914661707,5.239061820548314,147.80905119196908,24.0,21.0,24.008,-0.218,1.0,1,"baseline: scheduled setpoints, no override"
905,7,10,10.5,37.15730661986499,16.688645331071136,0.0,2.932368212785452,5.239061820548314,148.62922647945996,24.0,21.0,24.001,-0.2203,1.0,1,"baseline: scheduled setpoints, no override"
906,7,10,10.75,37.38519554657445,16.89715261690354,0.0,2.9517498536625095,5.239061820548314,149.5407821862978,24.0,21.0,23.999,-0.2215,1.0,1,"baseline: scheduled setpoints, no override"
907,7,10,11.0,37.569406440906995,17.043288807344112,0.0,2.9898245575544804,5.239061820548314,150.27762576362798,24.0,21.0,23.999,-0.2224,1.0,1,"baseline: scheduled setpoints, no override"
908,7,10,11.25,36.9474009937389,16.600979932969487,0.0,2.6005930228369434,5.239061820548314,147.7896039749556,24.0,21.0,24.078,-0.2086,1.0,1,"baseline: scheduled setpoints, no override"
909,7,10,11.5,37.12760433312642,16.72988272550568,0.0,2.6518935696882755,5.239061820548314,148.51041733250568,24.0,21.0,24.11,-0.2,1.0,1,"baseline: scheduled setpoints, no override"
910,7,10,11.75,37.20857997905518,16.855949756143826,0.0,2.606802184978884,5.239061820548314,148.83431991622072,24.0,21.0,24.117,-0.2001,1.0,1,"baseline: scheduled setpoints, no override"
911,7,10,12.0,37.32620739561918,16.997001368624556,0.0,2.5833779890621553,5.239061820548314,149.3048295824767,24.0,21.0,24.122,-0.2024,1.0,1,"baseline: scheduled setpoints, no override"
912,7,10,12.25,38.712716644077666,17.79446447020796,0.0,2.978949294726938,5.239061820548314,154.85086657631066,24.0,21.0,24.021,-0.2242,1.0,1,"baseline: scheduled setpoints, no override"
913,7,10,12.5,38.36602954103606,17.61811590154072,0.0,2.8086107603525696,5.239061820548314,153.46411816414425,24.0,21.0,24.002,-0.2349,1.0,1,"baseline: scheduled setpoints, no override"
914,7,10,12.75,38.496982105872995,17.660331939041473,0.0,2.8973472876887496,5.239061820548314,153.98792842349198,24.0,21.0,23.999,-0.2372,1.0,1,"baseline: scheduled setpoints, no override"
915,7,10,13.0,38.52045392570044,17.671638590754014,0.0,2.9095124558036476,5.239061820548314,154.08181570280175,24.0,21.0,23.999,-0.235,1.0,1,"baseline: scheduled setpoints, no override"
916,7,10,13.25,37.088378535089504,17.262422034845997,0.0,2.7732751610443684,5.239061820548314,148.35351414035802,24.0,21.0,24.031,-0.2249,1.0,1,"baseline: scheduled setpoints, no override"
917,7,10,13.5,37.30422668913832,17.377490100703415,0.0,2.874055249235767,5.239061820548314,149.21690675655327,24.0,21.0,24.035,-0.2182,1.0,1,"baseline: scheduled setpoints, no override"
918,7,10,13.75,37.45906041981914,17.45082325083099,0.0,2.955555829789006,5.239061820548314,149.83624167927655,24.0,21.0,24.036,-0.2134,1.0,1,"baseline: scheduled setpoints, no override"
919,7,10,14.0,37.65872344076415,17.528063758363672,0.0,3.0779783432013343,5.239061820548314,150.6348937630566,24.0,21.0,24.036,-0.2084,1.0,1,"baseline: scheduled setpoints, no override"
920,7,10,14.25,38.44657406340341,17.80077999787441,0.0,3.5931127263298617,5.239061820548314,153.78629625361364,24.0,21.0,24.006,-0.2067,1.0,1,"baseline: scheduled setpoints, no override"
921,7,10,14.5,38.78632326973776,17.905007521134845,0.0,3.828634409403776,5.239061820548314,155.14529307895103,24.0,21.0,24.0,-0.2009,1.0,1,"baseline: scheduled setpoints, no override"
922,7,10,14.75,39.50663001030759,18.009106573343537,0.0,4.444842097764913,5.239061820548314,158.02652004123036,24.0,21.0,24.0,-0.1923,1.0,1,"baseline: scheduled setpoints, no override"
923,7,10,15.0,40.182706163839796,18.118597918053343,0.0,5.011426906587317,5.239061820548314,160.73082465535919,24.0,21.0,24.011,-0.1812,1.0,1,"baseline: scheduled setpoints, no override"
924,7,10,15.25,41.488474204727126,18.253845644039625,0.0,5.456529605248916,5.239061820548314,165.9538968189085,24.0,21.0,24.028,-0.1699,1.0,1,"baseline: scheduled setpoints, no override"
925,7,10,15.5,41.78885765348596,18.223460635925,0.0,5.787298062122377,5.239061820548314,167.15543061394385,24.0,21.0,24.053,-0.1576,1.0,1,"baseline: scheduled setpoints, no override"
926,7,10,15.75,41.6969219303076,18.137313015562555,0.0,5.78150995930646,5.239061820548314,166.7876877212304,24.0,21.0,24.07,-0.1541,1.0,1,"baseline: scheduled setpoints, no override"
927,7,10,16.0,41.58186069351394,18.035241164872215,0.0,5.768520573203139,5.239061820548314,166.32744277405575,24.0,21.0,24.074,-0.1555,1.0,1,"baseline: scheduled setpoints, no override"
928,7,10,16.25,32.409706520307566,17.451325632292896,0.0,2.178604065873967,2.9105899003046205,129.63882608123026,24.0,21.0,24.063,-0.1841,1.0,1,"baseline: scheduled setpoints, no override"
929,7,10,16.5,31.482179463966627,16.4948207413458,0.0,2.208961385801341,2.9105899003046205,125.92871785586651,24.0,21.0,24.08,-0.2002,1.0,1,"baseline: scheduled setpoints, no override"
930,7,10,16.75,31.334756266285233,16.36380115411724,0.0,2.19255777534851,2.9105899003046205,125.33902506514093,24.0,21.0,24.075,-0.2091,1.0,1,"baseline: scheduled setpoints, no override"
931,7,10,17.0,30.98384286233995,16.0512512013611,0.0,2.1541943241593713,2.9105899003046205,123.9353714493598,24.0,21.0,24.069,-0.2155,1.0,1,"baseline: scheduled setpoints, no override"
932,7,10,17.25,22.14928960301097,14.084485088168952,0.0,1.4559125900103767,1.7463539401827715,88.59715841204388,24.0,21.0,24.009,-0.2391,1.0,1,"baseline: scheduled setpoints, no override"
933,7,10,17.5,21.550627057512273,13.543304069308476,0.0,1.3989511384017708,1.7463539401827715,86.20250823004909,24.0,21.0,24.0,-0.2486,1.0,1,"baseline: scheduled setpoints, no override"
934,7,10,17.75,21.093764609450535,13.153912657607993,0.0,1.331480102040512,1.7463539401827715,84.37505843780214,24.0,21.0,24.0,-0.2631,1.0,1,"baseline: scheduled setpoints, no override"
935,7,10,18.0,20.47785033708989,12.633440463926839,0.0,1.2360380233610213,1.7463539401827715,81.91140134835956,24.0,21.0,23.999,-0.2774,1.0,1,"baseline: scheduled setpoints, no override"
936,7,10,18.25,18.89503418008521,11.837926605396039,0.0,1.0880699299511163,1.751757069148845,75.58013672034085,24.0,21.0,24.0,-0.296,1.0,1,"baseline: scheduled setpoints, no override"
937,7,10,18.5,18.184880215676067,11.206625249749786,0.0,0.991412000073345,1.7695599903026893,72.73952086270427,24.0,21.0,24.0,-0.3156,1.0,1,"baseline: scheduled setpoints, no override"
938,7,10,18.75,17.70998708391152,10.778859935435023,0.0,0.9353827779182952,1.778453486528245,70.83994833564608,24.0,21.0,24.0,-0.3268,1.0,1,"baseline: scheduled setpoints, no override"
939,7,10,19.0,17.39939115768125,10.433722397077041,0.0,0.8937638510738749,1.8546100743497516,69.597564630725,24.0,21.0,24.0,-0.3358,1.0,0,"baseline: scheduled setpoints, no override"
940,7,10,19.25,16.441498225447624,10.023456868697608,0.0,0.8356921335934138,1.365020541328597,65.7659929017905,24.0,21.0,24.0,-0.3483,1.0,0,"baseline: scheduled setpoints, no override"
941,7,10,19.5,16.788856689419827,9.548383336255943,0.0,0.7771088122123002,1.4798280673710709,67.15542675767931,24.0,21.0,24.0,-0.3649,1.0,0,"baseline: scheduled setpoints, no override"
942,7,10,19.75,16.452772206516386,9.244903069828341,0.0,0.7444537422167318,1.4798280673710709,65.81108882606554,24.0,21.0,24.0,-0.3723,1.0,0,"baseline: scheduled setpoints, no override"
943,7,10,20.0,16.176333563776804,8.993127116133884,0.0,0.7197910531716056,1.4798280673710709,64.70533425510722,24.0,21.0,24.0,-0.3787,1.0,0,"baseline: scheduled setpoints, no override"
944,7,10,20.25,15.700321714703772,8.866306100949094,0.0,0.6929688302865462,1.4798280673710709,62.80128685881509,24.0,21.0,24.0,-0.3834,1.0,0,"baseline: scheduled setpoints, no override"
945,7,10,20.5,15.636542708364475,8.819612746253071,0.0,0.6758831786432745,1.4798280673710709,62.5461708334579,24.0,21.0,24.0,-0.3878,1.0,0,"baseline: scheduled setpoints, no override"
946,7,10,20.75,15.606127429281113,8.803236355991698,0.0,0.6618442898212824,1.4798280673710709,62.42450971712445,24.0,21.0,24.0,-0.3922,1.0,0,"baseline: scheduled setpoints, no override"
947,7,10,21.0,15.595807418308272,8.8049371508015,0.0,0.6498234840386391,1.4798280673710709,62.38322967323309,24.0,21.0,24.0,-0.3961,1.0,0,"baseline: scheduled setpoints, no override"
948,7,10,21.25,5.401132749782597,0.0,0.0,0.0,0.7399140336855354,21.60453099913039,26.7,15.6,24.894,-0.2302,1.0,0,"baseline: scheduled setpoints, no override"
949,7,10,21.5,5.400806004769311,0.0,0.0,0.0,0.7399140336855354,21.603224019077246,26.7,15.6,25.675,-0.0584,1.0,0,"baseline: scheduled setpoints, no override"
950,7,10,21.75,5.400806004769311,0.0,0.0,0.0,0.7399140336855354,21.603224019077246,26.7,15.6,26.09,0.0446,1.0,0,"baseline: scheduled setpoints, no override"
951,7,10,22.0,5.400806004769311,0.0,0.0,0.0,0.7399140336855354,21.603224019077246,26.7,15.6,26.191,0.0824,1.0,0,"baseline: scheduled setpoints, no override"
952,7,10,22.25,5.030848987926544,0.0,0.0,0.0,0.3699570168427677,20.123395951706176,26.7,15.6,26.195,0.0969,1.0,0,"baseline: scheduled setpoints, no override"
953,7,10,22.5,5.030686389287992,0.0,0.0,0.0,0.3699570168427677,20.12274555715197,26.7,15.6,26.217,0.1116,1.0,0,"baseline: scheduled setpoints, no override"
954,7,10,22.75,5.030686389287992,0.0,0.0,0.0,0.3699570168427677,20.12274555715197,26.7,15.6,26.261,0.1294,1.0,0,"baseline: scheduled setpoints, no override"
955,7,10,23.0,5.030686389287992,0.0,0.0,0.0,0.3699570168427677,20.12274555715197,26.7,15.6,26.304,0.1465,1.0,0,"baseline: scheduled setpoints, no override"
956,7,10,23.25,4.161603085050822,0.0,0.0,0.0,0.42902242127888573,16.646412340203288,26.7,15.6,26.295,0.1516,1.0,0,"baseline: scheduled setpoints, no override"
957,7,10,23.5,4.0007399666498555,0.0,0.0,0.0,0.26813901328740164,16.002959866599422,26.7,15.6,26.271,0.1525,1.0,0,"baseline: scheduled setpoints, no override"
958,7,10,23.75,4.000684730120568,0.0,0.0,0.0,0.26813901328740164,16.002738920482273,26.7,15.6,26.263,0.1555,1.0,0,"baseline: scheduled setpoints, no override"
959,7,10,24.0,4.000684730120568,0.0,0.0,0.0,0.26813901328740164,16.002738920482273,26.7,15.6,26.268,0.1607,1.0,0,"baseline: scheduled setpoints, no override"
960,7,11,0.25,4.000684730120568,0.0,0.0,0.0,0.26813901328740164,16.002738920482273,26.7,15.6,26.274,0.1655,1.0,0,"baseline: scheduled setpoints, no override"
961,7,11,0.5,4.000684730120568,0.0,0.0,0.0,0.26813901328740164,16.002738920482273,26.7,15.6,26.275,0.1694,1.0,0,"baseline: scheduled setpoints, no override"
962,7,11,0.75,4.000684730120568,0.0,0.0,0.0,0.26813901328740164,16.002738920482273,26.7,15.6,26.272,0.1724,1.0,0,"baseline: scheduled setpoints, no override"
963,7,11,1.0,4.000684730120568,0.0,0.0,0.0,0.26813901328740164,16.002738920482273,26.7,15.6,26.268,0.1748,1.0,0,"baseline: scheduled setpoints, no override"
964,7,11,1.25,4.000684730120568,0.0,0.0,0.0,0.26813901328740164,16.002738920482273,26.7,15.6,26.266,0.1781,1.0,0,"baseline: scheduled setpoints, no override"
965,7,11,1.5,4.000684730120568,0.0,0.0,0.0,0.26813901328740164,16.002738920482273,26.7,15.6,26.266,0.1817,1.0,0,"baseline: scheduled setpoints, no override"
966,7,11,1.75,4.000684730120568,0.0,0.0,0.0,0.26813901328740164,16.002738920482273,26.7,15.6,26.267,0.1853,1.0,0,"baseline: scheduled setpoints, no override"
967,7,11,2.0,4.000684730120568,0.0,0.0,0.0,0.26813901328740164,16.002738920482273,26.7,15.6,26.268,0.1888,1.0,0,"baseline: scheduled setpoints, no override"
968,7,11,2.25,4.000684730120568,0.0,0.0,0.0,0.26813901328740164,16.002738920482273,26.7,15.6,26.269,0.1921,1.0,0,"baseline: scheduled setpoints, no override"
969,7,11,2.5,4.000684730120568,0.0,0.0,0.0,0.26813901328740164,16.002738920482273,26.7,15.6,26.269,0.1954,1.0,0,"baseline: scheduled setpoints, no override"
970,7,11,2.75,4.000684730120568,0.0,0.0,0.0,0.26813901328740164,16.002738920482273,26.7,15.6,26.269,0.1986,1.0,0,"baseline: scheduled setpoints, no override"
971,7,11,3.0,4.000684730120568,0.0,0.0,0.0,0.26813901328740164,16.002738920482273,26.7,15.6,26.27,0.2017,1.0,0,"baseline: scheduled setpoints, no override"
972,7,11,3.25,4.000684730120568,0.0,0.0,0.0,0.26813901328740164,16.002738920482273,26.7,15.6,26.272,0.2055,1.0,0,"baseline: scheduled setpoints, no override"
973,7,11,3.5,4.000684730120568,0.0,0.0,0.0,0.26813901328740164,16.002738920482273,26.7,15.6,26.275,0.2096,1.0,0,"baseline: scheduled setpoints, no override"
974,7,11,3.75,4.000684730120568,0.0,0.0,0.0,0.26813901328740164,16.002738920482273,26.7,15.6,26.279,0.2139,1.0,0,"baseline: scheduled setpoints, no override"
975,7,11,4.0,4.000684730120568,0.0,0.0,0.0,0.26813901328740164,16.002738920482273,26.7,15.6,26.283,0.2184,1.0,0,"baseline: scheduled setpoints, no override"
976,7,11,4.25,9.056643567672669,4.514216902613333,0.0,0.5417419349387669,0.26813901328740164,36.226574270690676,25.6,17.8,25.529,0.0677,1.0,0,"baseline: scheduled setpoints, no override"
977,7,11,4.5,9.162172681365687,4.619746016306353,0.0,0.5417419349387669,0.26813901328740164,36.64869072546275,25.6,17.8,24.836,-0.0931,1.0,0,"baseline: scheduled setpoints, no override"
978,7,11,4.75,4.000684730120568,0.0,0.0,0.0,0.26813901328740164,16.002738920482273,25.6,17.8,25.236,-0.048,1.0,0,"baseline: scheduled setpoints, no override"
979,7,11,5.0,4.000684730120568,0.0,0.0,0.0,0.26813901328740164,16.002738920482273,25.6,17.8,25.798,0.0583,1.0,0,"baseline: scheduled setpoints, no override"
980,7,11,5.25,11.149419686482489,5.109092826844621,0.0,0.5688031331893111,0.26813901328740164,44.597678745929954,25.0,20.0,25.064,-0.0752,1.0,0,"baseline: scheduled setpoints, no override"
981,7,11,5.5,10.982001380874319,4.496960699088866,0.0,0.5417419349387669,0.7399140336855354,43.928005523497276,25.0,20.0,24.626,-0.1833,1.0,0,"baseline: scheduled setpoints, no override"
982,7,11,5.75,10.933339531416308,4.448091591708231,0.0,0.5417419349387669,0.7399140336855354,43.733358125665234,25.0,20.0,24.623,-0.2128,1.0,0,"baseline: scheduled setpoints, no override"
983,7,11,6.0,9.428499094172997,4.366567138709186,0.0,0.5417419349387669,0.6257230494412678,37.71399637669199,25.0,20.0,24.761,-0.1868,1.0,0,"baseline: scheduled setpoints, no override"
984,7,11,6.25,21.698728996826713,11.876571146853435,0.0,1.3117412911879063,1.795275485214549,86.79491598730685,24.0,21.0,24.089,-0.305,1.0,0,"baseline: scheduled setpoints, no override"
985,7,11,6.5,19.139688564604672,9.84211523059903,0.0,0.8120622586952527,1.7698513658603572,76.55875425841869,24.0,21.0,24.007,-0.3348,1.0,0,"baseline: scheduled setpoints, no override"
986,7,11,6.75,20.68803029538188,11.102992467165627,0.0,1.116479400896594,1.7529100471209484,82.75212118152751,24.0,21.0,24.0,-0.3316,1.0,0,"baseline: scheduled setpoints, no override"
987,7,11,7.0,20.9887913784694,11.405404610241051,0.0,1.1213919957163485,1.7463539401827715,83.9551655138776,24.0,21.0,23.999,-0.3201,1.0,1,"baseline: scheduled setpoints, no override"
988,7,11,7.25,35.97060837759495,14.144261011957996,0.0,2.198996800474311,5.239061820548314,143.8824335103798,24.0,21.0,23.999,-0.2926,1.0,1,"baseline: scheduled setpoints, no override"
989,7,11,7.5,36.90117051033091,14.9120869639597,0.0,2.357139271014067,5.239061820548314,147.60468204132363,24.0,21.0,23.999,-0.2768,1.0,1,"baseline: scheduled setpoints, no override"
990,7,11,7.75,37.40487748736786,15.28396876949481,0.0,2.488964442515907,5.239061820548314,149.61950994947145,24.0,21.0,23.999,-0.2672,1.0,1,"baseline: scheduled setpoints, no override"
991,7,11,8.0,37.988648986324954,15.72960380156922,0.0,2.627100909398599,5.239061820548314,151.95459594529981,24.0,21.0,23.999,-0.2566,1.0,1,"baseline: scheduled setpoints, no override"
992,7,11,8.25,35.546259222352745,15.546477054033948,0.0,2.463489092310392,5.239061820548314,142.18503688941098,24.0,21.0,23.999,-0.2495,1.0,1,"baseline: scheduled setpoints, no override"
993,7,11,8.5,35.912298263528356,15.796695581246047,0.0,2.5793096062739123,5.239061820548314,143.64919305411343,24.0,21.0,23.999,-0.242,1.0,1,"baseline: scheduled setpoints, no override"
994,7,11,8.75,36.14181379175201,15.986109860425218,0.0,2.619410855318382,5.239061820548314,144.56725516700803,24.0,21.0,23.999,-0.2387,1.0,1,"baseline: scheduled setpoints, no override"
995,7,11,9.0,36.316587986128354,16.127613191396183,0.0,2.6526817187237772,5.239061820548314,145.26635194451342,24.0,21.0,23.999,-0.2365,1.0,1,"baseline: scheduled setpoints, no override"
996,7,11,9.25,35.3945274337351,15.815484398547301,0.0,2.5263616959886614,5.239061820548314,141.5781097349404,24.0,21.0,24.029,-0.2304,1.0,1,"baseline: scheduled setpoints, no override"
997,7,11,9.5,35.506828592290624,15.876806602041832,0.0,2.5773406510496573,5.239061820548314,142.0273143691625,24.0,21.0,24.034,-0.2275,1.0,1,"baseline: scheduled setpoints, no override"
998,7,11,9.75,35.56552672364309,15.927360687206706,0.0,2.585484697237255,5.239061820548314,142.26210689457236,24.0,21.0,24.036,-0.2249,1.0,1,"baseline: scheduled setpoints, no override"
999,7,11,10.0,35.65600638072616,15.990584722346714,0.0,2.6127403191803062,5.239061820548314,142.62402552290465,24.0,21.0,24.036,-0.2233,1.0,1,"baseline: scheduled setpoints, no override"
1000,7,11,10.25,36.85413506969884,16.52631695232403,0.0,2.791525041366412,5.239061820548314,147.41654027879537,24.0,21.0,24.008,-0.226,1.0,1,"baseline: scheduled setpoints, no override"
1001,7,11,10.5,37.02755628162966,16.698108960078326,0.0,2.7931542455429317,5.239061820548314,148.11022512651863,24.0,21.0,24.001,-0.2271,1.0,1,"baseline: scheduled setpoints, no override"
1002,7,11,10.75,37.09279156035292,16.770129926754176,0.0,2.7863685575903387,5.239061820548314,148.3711662414117,24.0,21.0,23.999,-0.231,1.0,1,"baseline: scheduled setpoints, no override"
1003,7,11,11.0,37.06860321723709,16.783202875684772,0.0,2.749107265543918,5.239061820548314,148.27441286894836,24.0,21.0,23.999,-0.2352,1.0,1,"baseline: scheduled setpoints, no override"
1004,7,11,11.25,36.408402498918,16.231214270788332,0.0,2.4313601901972084,5.239061820548314,145.633609995672,24.0,21.0,24.087,-0.2218,1.0,1,"baseline: scheduled setpoints, no override"
1005,7,11,11.5,36.498514501994904,16.302034756714157,0.0,2.450651707348279,5.239061820548314,145.99405800797962,24.0,21.0,24.122,-0.2148,1.0,1,"baseline: scheduled setpoints, no override"
1006,7,11,11.75,36.60454030808372,16.430393411263132,0.0,2.4283188588881224,5.239061820548314,146.41816123233488,24.0,21.0,24.127,-0.2126,1.0,1,"baseline: scheduled setpoints, no override"
1007,7,11,12.0,36.691513558688285,16.545981305990935,0.0,2.3997042147648893,5.239061820548314,146.76605423475314,24.0,21.0,24.129,-0.2159,1.0,1,"baseline: scheduled setpoints, no override"
1008,7,11,12.25,38.259978954582195,17.540265190813606,0.0,2.780410884625811,5.239061820548314,153.03991581832878,24.0,21.0,24.022,-0.2357,1.0,1,"baseline: scheduled setpoints, no override"
1009,7,11,12.5,38.22966153811046,17.630170176563503,0.0,2.6601884824041946,5.239061820548314,152.91864615244185,24.0,21.0,24.002,-0.2436,1.0,1,"baseline: scheduled setpoints, no override"
1010,7,11,12.75,38.649561071426874,17.942330282552085,0.0,2.7679279097320153,5.239061820548314,154.5982442857075,24.0,21.0,23.999,-0.244,1.0,1,"baseline: scheduled setpoints, no override"
1011,7,11,13.0,38.95807345157553,18.216719991144338,0.0,2.8020505812884284,5.239061820548314,155.83229380630212,24.0,21.0,23.999,-0.2402,1.0,1,"baseline: scheduled setpoints, no override"
1012,7,11,13.25,37.38044282066566,17.658235262672054,0.0,2.6695262187944624,5.239061820548314,149.52177128266263,24.0,21.0,24.031,-0.2297,1.0,1,"baseline: scheduled setpoints, no override"
1013,7,11,13.5,37.46120539490178,17.637991505075664,0.0,2.770532550626971,5.239061820548314,149.84482157960713,24.0,21.0,24.035,-0.2226,1.0,1,"baseline: scheduled setpoints, no override"
1014,7,11,13.75,37.42127203412519,17.547066531248323,0.0,2.8215241636777244,5.239061820548314,149.68508813650075,24.0,21.0,24.036,-0.2191,1.0,1,"baseline: scheduled setpoints, no override"
1015,7,11,14.0,37.379269385135785,17.462678774336986,0.0,2.8639092715996575,5.239061820548314,149.51707754054314,24.0,21.0,24.036,-0.2161,1.0,1,"baseline: scheduled setpoints, no override"
1016,7,11,14.25,38.27682442455688,17.81220228437682,0.0,3.4119408009809282,5.239061820548314,153.1072976982275,24.0,21.0,24.006,-0.2138,1.0,1,"baseline: scheduled setpoints, no override"
1017,7,11,14.5,38.66836260464783,17.94408702168593,0.0,3.671594243762758,5.239061820548314,154.67345041859133,24.0,21.0,24.0,-0.2088,1.0,1,"baseline: scheduled setpoints, no override"
1018,7,11,14.75,39.366154470279,18.074659883687982,0.0,4.238813247391871,5.239061820548314,157.464617881116,24.0,21.0,24.0,-0.2011,1.0,1,"baseline: scheduled setpoints, no override"
1019,7,11,15.0,40.07087771862185,18.207903148748496,0.0,4.810293230674222,5.239061820548314,160.2835108744874,24.0,21.0,24.01,-0.1913,1.0,1,"baseline: scheduled setpoints, no override"
1020,7,11,15.25,40.61771609675314,18.08165126573105,0.0,4.757965875583509,5.239061820548314,162.47086438701257,24.0,21.0,24.007,-0.1882,1.0,1,"baseline: scheduled setpoints, no override"
1021,7,11,15.5,40.224076922873586,17.79545463559505,0.0,4.650523331839954,5.239061820548314,160.89630769149434,24.0,21.0,24.004,-0.1875,1.0,1,"baseline: scheduled setpoints, no override"
1022,7,11,15.75,39.57173449766624,17.481112742328104,0.0,4.312522799899556,5.239061820548314,158.28693799066497,24.0,21.0,24.0,-0.1916,1.0,1,"baseline: scheduled setpoints, no override"
1023,7,11,16.0,38.61821395436281,17.176255790431338,0.0,3.6638592084928927,5.239061820548314,154.47285581745123,24.0,21.0,23.999,-0.1978,1.0,1,"baseline: scheduled setpoints, no override"
1024,7,11,16.25,30.87477648447529,15.94631622338215,0.0,2.148683438952437,2.9105899003046205,123.49910593790116,24.0,21.0,24.033,-0.2079,1.0,1,"baseline: scheduled setpoints, no override"
1025,7,11,16.5,30.513767565912758,15.575034094445535,0.0,2.1603361346477383,2.9105899003046205,122.05507026365103,24.0,21.0,24.047,-0.2142,1.0,1,"baseline: scheduled setpoints, no override"
1026,7,11,16.75,30.239306803193987,15.38507954887852,0.0,2.0758299174959824,2.9105899003046205,120.95722721277595,24.0,21.0,24.042,-0.2254,1.0,1,"baseline: scheduled setpoints, no override"
1027,7,11,17.0,29.9272572113574,15.153551897376664,0.0,1.9953079771612503,2.9105899003046205,119.7090288454296,24.0,21.0,24.037,-0.2367,1.0,1,"baseline: scheduled setpoints, no override"
1028,7,11,17.25,20.991751179336386,13.116031612510737,0.0,1.2668276419940143,1.7463539401827715,83.96700471734555,24.0,21.0,24.004,-0.265,1.0,1,"baseline: scheduled setpoints, no override"
1029,7,11,17.5,20.238451325757563,12.469945563251738,0.0,1.1601339127037942,1.7463539401827715,80.95380530303025,24.0,21.0,24.0,-0.2853,1.0,1,"baseline: scheduled setpoints, no override"
1030,7,11,17.75,19.86891704446548,12.159774533508601,0.0,1.1007706611548471,1.7463539401827715,79.47566817786192,24.0,21.0,23.999,-0.2977,1.0,1,"baseline: scheduled setpoints, no override"
1031,7,11,18.0,19.476723895354414,11.828103745180192,0.0,1.0402483003721934,1.7463539401827715,77.90689558141766,24.0,21.0,24.0,-0.309,1.0,1,"baseline: scheduled setpoints, no override"
1032,7,11,18.25,17.93695588333625,11.023819193914282,0.0,0.9420756530234207,1.7537804608093357,71.747823533345,24.0,21.0,24.0,-0.322,1.0,1,"baseline: scheduled setpoints, no override"
1033,7,11,18.5,17.279031992335998,10.404255233785573,0.0,0.8868059749698354,1.7706869092521293,69.11612796934399,24.0,21.0,24.0,-0.3353,1.0,1,"baseline: scheduled setpoints, no override"
1034,7,11,18.75,16.73297155204088,9.880934450141345,0.0,0.8461177757002932,1.7886279415248454,66.93188620816352,24.0,21.0,24.0,-0.3453,1.0,1,"baseline: scheduled setpoints, no override"
1035,7,11,19.0,16.290477267737806,9.383496106732023,0.0,0.8094545328175023,1.8802272723934994,65.16190907095122,24.0,21.0,24.0,-0.3551,1.0,0,"baseline: scheduled setpoints, no override"
1036,7,11,19.25,15.4229513415313,9.067028002359294,0.0,0.7698708334239075,1.3687124338141103,61.6918053661252,24.0,21.0,24.0,-0.3642,1.0,0,"baseline: scheduled setpoints, no override"
1037,7,11,19.5,15.873800564687778,8.685269117685655,0.0,0.7251652715164912,1.4798280673710709,63.495202258751114,24.0,21.0,24.0,-0.3791,1.0,0,"baseline: scheduled setpoints, no override"
1038,7,11,19.75,15.595359235605416,8.431320477651147,0.0,0.7006233634829567,1.4798280673710709,62.381436942421665,24.0,21.0,24.0,-0.3851,1.0,0,"baseline: scheduled setpoints, no override"
1039,7,11,20.0,15.369793737206294,8.223942585468654,0.0,0.6824357572663253,1.4798280673710709,61.479174948825175,24.0,21.0,24.0,-0.3903,1.0,0,"baseline: scheduled setpoints, no override"
1040,7,11,20.25,14.842969356171839,8.043097743837063,0.0,0.6588248288666477,1.4798280673710709,59.371877424687355,24.0,21.0,24.0,-0.3949,1.0,0,"baseline: scheduled setpoints, no override"
1041,7,11,20.5,14.717953086261714,7.933385444320711,0.0,0.6435208584728703,1.4798280673710709,58.871812345046855,24.0,21.0,24.0,-0.3992,1.0,0,"baseline: scheduled setpoints, no override"
1042,7,11,20.75,14.61963226565674,7.846924664522283,0.0,0.6316608176663259,1.4798280673710709,58.47852906262696,24.0,21.0,24.0,-0.4033,1.0,0,"baseline: scheduled setpoints, no override"
1043,7,11,21.0,14.529225821797448,7.767162247472129,0.0,0.6210167908571872,1.4798280673710709,58.11690328718979,24.0,21.0,24.0,-0.4071,1.0,0,"baseline: scheduled setpoints, no override"
1044,7,11,21.25,5.401132749782597,0.0,0.0,0.0,0.7399140336855354,21.60453099913039,26.7,15.6,24.855,-0.2483,1.0,0,"baseline: scheduled setpoints, no override"
1045,7,11,21.5,5.400806004769311,0.0,0.0,0.0,0.7399140336855354,21.603224019077246,26.7,15.6,25.615,-0.0815,1.0,0,"baseline: scheduled setpoints, no override"
1046,7,11,21.75,5.400806004769311,0.0,0.0,0.0,0.7399140336855354,21.603224019077246,26.7,15.6,26.039,0.0236,1.0,0,"baseline: scheduled setpoints, no override"
1047,7,11,22.0,5.400806004769311,0.0,0.0,0.0,0.7399140336855354,21.603224019077246,26.7,15.6,26.162,0.0675,1.0,0,"baseline: scheduled setpoints, no override"
1048,7,11,22.25,5.030848987926544,0.0,0.0,0.0,0.3699570168427677,20.123395951706176,26.7,15.6,26.174,0.0843,1.0,0,"baseline: scheduled setpoints, no override"
1049,7,11,22.5,5.030686389287992,0.0,0.0,0.0,0.3699570168427677,20.12274555715197,26.7,15.6,26.191,0.0982,1.0,0,"baseline: scheduled setpoints, no override"
1050,7,11,22.75,5.030686389287992,0.0,0.0,0.0,0.3699570168427677,20.12274555715197,26.7,15.6,26.226,0.1133,1.0,0,"baseline: scheduled setpoints, no override"
1051,7,11,23.0,5.030686389287992,0.0,0.0,0.0,0.3699570168427677,20.12274555715197,26.7,15.6,26.26,0.1268,1.0,0,"baseline: scheduled setpoints, no override"
1052,7,11,23.25,4.161603085050822,0.0,0.0,0.0,0.42902242127888573,16.646412340203288,26.7,15.6,26.244,0.129,1.0,0,"baseline: scheduled setpoints, no override"
1053,7,11,23.5,4.0007399666498555,0.0,0.0,0.0,0.26813901328740164,16.002959866599422,26.7,15.6,26.216,0.1276,1.0,0,"baseline: scheduled setpoints, no override"
1054,7,11,23.75,4.000684730120568,0.0,0.0,0.0,0.26813901328740164,16.002738920482273,26.7,15.6,26.203,0.1284,1.0,0,"baseline: scheduled setpoints, no override"
1055,7,11,24.0,4.000684730120568,0.0,0.0,0.0,0.26813901328740164,16.002738920482273,26.7,15.6,26.201,0.1314,1.0,0,"baseline: scheduled setpoints, no override"
1056,7,12,0.25,4.000684730120568,0.0,0.0,0.0,0.26813901328740164,16.002738920482273,26.7,15.6,26.204,0.136,1.0,0,"baseline: scheduled setpoints, no override"
1057,7,12,0.5,4.000684730120568,0.0,0.0,0.0,0.26813901328740164,16.002738920482273,26.7,15.6,26.207,0.1409,1.0,0,"baseline: scheduled setpoints, no override"
1058,7,12,0.75,4.000684730120568,0.0,0.0,0.0,0.26813901328740164,16.002738920482273,26.7,15.6,26.208,0.146,1.0,0,"baseline: scheduled setpoints, no override"
1059,7,12,1.0,4.000684730120568,0.0,0.0,0.0,0.26813901328740164,16.002738920482273,26.7,15.6,26.208,0.1512,1.0,0,"baseline: scheduled setpoints, no override"
1060,7,12,1.25,4.000684730120568,0.0,0.0,0.0,0.26813901328740164,16.002738920482273,26.7,15.6,26.206,0.1561,1.0,0,"baseline: scheduled setpoints, no override"
1061,7,12,1.5,4.000684730120568,0.0,0.0,0.0,0.26813901328740164,16.002738920482273,26.7,15.6,26.202,0.1606,1.0,0,"baseline: scheduled setpoints, no override"
1062,7,12,1.75,4.000684730120568,0.0,0.0,0.0,0.26813901328740164,16.002738920482273,26.7,15.6,26.198,0.1648,1.0,0,"baseline: scheduled setpoints, no override"
1063,7,12,2.0,4.000684730120568,0.0,0.0,0.0,0.26813901328740164,16.002738920482273,26.7,15.6,26.192,0.1688,1.0,0,"baseline: scheduled setpoints, no override"
1064,7,12,2.25,4.000684730120568,0.0,0.0,0.0,0.26813901328740164,16.002738920482273,26.7,15.6,26.187,0.1724,1.0,0,"baseline: scheduled setpoints, no override"
1065,7,12,2.5,4.000684730120568,0.0,0.0,0.0,0.26813901328740164,16.002738920482273,26.7,15.6,26.182,0.1755,1.0,0,"baseline: scheduled setpoints, no override"
1066,7,12,2.75,4.000684730120568,0.0,0.0,0.0,0.26813901328740164,16.002738920482273,26.7,15.6,26.177,0.178,1.0,0,"baseline: scheduled setpoints, no override"
1067,7,12,3.0,4.000684730120568,0.0,0.0,0.0,0.26813901328740164,16.002738920482273,26.7,15.6,26.172,0.1801,1.0,0,"baseline: scheduled setpoints, no override"
1068,7,12,3.25,4.000684730120568,0.0,0.0,0.0,0.26813901328740164,16.002738920482273,26.7,15.6,26.169,0.1821,1.0,0,"baseline: scheduled setpoints, no override"
1069,7,12,3.5,4.000684730120568,0.0,0.0,0.0,0.26813901328740164,16.002738920482273,26.7,15.6,26.168,0.1837,1.0,0,"baseline: scheduled setpoints, no override"
1070,7,12,3.75,4.000684730120568,0.0,0.0,0.0,0.26813901328740164,16.002738920482273,26.7,15.6,26.168,0.1846,1.0,0,"baseline: scheduled setpoints, no override"
1071,7,12,4.0,4.000684730120568,0.0,0.0,0.0,0.26813901328740164,16.002738920482273,26.7,15.6,26.167,0.1843,1.0,0,"baseline: scheduled setpoints, no override"
1072,7,12,4.25,10.99472217273508,6.452295507675746,0.0,0.5417419349387669,0.26813901328740164,43.97888869094032,25.6,17.8,25.421,0.0348,1.0,0,"baseline: scheduled setpoints, no override"
1073,7,12,4.5,11.07592389432491,6.533497229265577,0.0,0.5417419349387669,0.26813901328740164,44.30369557729964,25.6,17.8,24.726,-0.1256,1.0,0,"baseline: scheduled setpoints, no override"
1074,7,12,4.75,4.000684730120568,0.0,0.0,0.0,0.26813901328740164,16.002738920482273,25.6,17.8,25.109,-0.0856,1.0,0,"baseline: scheduled setpoints, no override"
1075,7,12,5.0,4.000684730120568,0.0,0.0,0.0,0.26813901328740164,16.002738920482273,25.6,17.8,25.647,0.0117,1.0,0,"baseline: scheduled setpoints, no override"
1076,7,12,5.25,13.27370842535594,7.250355915094698,0.0,0.5518287838126873,0.26813901328740164,53.09483370142376,25.0,20.0,25.024,-0.1007,1.0,0,"baseline: scheduled setpoints, no override"
1077,7,12,5.5,12.749451552594305,6.264410870808849,0.0,0.5417419349387669,0.7399140336855354,50.99780621037722,25.0,20.0,24.555,-0.2077,1.0,0,"baseline: scheduled setpoints, no override"
1078,7,12,5.75,12.83756508357901,6.352317143870933,0.0,0.5417419349387669,0.7399140336855354,51.35026033431604,25.0,20.0,24.492,-0.2438,1.0,0,"baseline: scheduled setpoints, no override"
1079,7,12,6.0,11.49140190465618,6.39538840833694,0.0,0.5417419349387669,0.6598045902966977,45.96560761862472,25.0,20.0,24.58,-0.2325,1.0,0,"baseline: scheduled setpoints, no override"
1080,7,12,6.25,20.025483772220447,10.383630981797944,0.0,1.0539017729815643,1.8727949035276026,80.10193508888179,24.0,21.0,24.058,-0.3315,1.0,0,"baseline: scheduled setpoints, no override"
1081,7,12,6.5,17.958294437916127,8.74170516340943,0.0,0.6974877036096596,1.8034073028904762,71.83317775166451,24.0,21.0,24.003,-0.3592,1.0,0,"baseline: scheduled setpoints, no override"
1082,7,12,6.75,19.25810336020372,9.894640031123746,0.0,0.8761656074270929,1.7716343880642582,77.03241344081488,24.0,21.0,23.999,-0.3641,1.0,0,"baseline: scheduled setpoints, no override"
1083,7,12,7.0,19.396712063847147,10.077160142468943,0.0,0.8491744319780461,1.7547283147480068,77.58684825538859,24.0,21.0,23.999,-0.3645,1.0,1,"baseline: scheduled setpoints, no override"
1084,7,12,7.25,33.89234454242588,12.60387582727714,0.0,1.6447058591213064,5.255463192921871,135.56937816970353,24.0,21.0,23.999,-0.3465,1.0,1,"baseline: scheduled setpoints, no override"
1085,7,12,7.5,34.38257505552185,13.029735013409372,0.0,1.7208740056802456,5.239061820548314,137.5303002220874,24.0,21.0,23.999,-0.3396,1.0,1,"baseline: scheduled setpoints, no override"
1086,7,12,7.75,34.71946095560059,13.275320327673873,0.0,1.8121963525695763,5.239061820548314,138.87784382240235,24.0,21.0,23.999,-0.3294,1.0,1,"baseline: scheduled setpoints, no override"
1087,7,12,8.0,35.13913350837455,13.598444167623466,0.0,1.9087450653939428,5.239061820548314,140.5565340334982,24.0,21.0,23.999,-0.3189,1.0,1,"baseline: scheduled setpoints, no override"
1088,7,12,8.25,32.793847567363734,13.47174085794294,0.0,1.7858136334123955,5.239061820548314,131.17539026945494,24.0,21.0,23.999,-0.3097,1.0,1,"baseline: scheduled setpoints, no override"
1089,7,12,8.5,33.2303437793407,13.803710131660727,0.0,1.8903405716715798,5.239061820548314,132.9213751173628,24.0,21.0,23.999,-0.2997,1.0,1,"baseline: scheduled setpoints, no override"
1090,7,12,8.75,33.69705986341058,14.175962610591862,0.0,1.9848041768103193,5.239061820548314,134.78823945364232,24.0,21.0,23.999,-0.2892,1.0,1,"baseline: scheduled setpoints, no override"
1091,7,12,9.0,34.11177850480241,14.506480081653372,0.0,2.0690053471406387,5.239061820548314,136.44711401920964,24.0,21.0,23.999,-0.2813,1.0,1,"baseline: scheduled setpoints, no override"
1092,7,12,9.25,33.7269602507348,14.626712724725099,0.0,2.047566186810567,5.239061820548314,134.9078410029392,24.0,21.0,24.031,-0.2675,1.0,1,"baseline: scheduled setpoints, no override"
1093,7,12,9.5,34.348304531451,15.122757322676259,0.0,2.1728658695756,5.239061820548314,137.393218125804,24.0,21.0,24.035,-0.2579,1.0,1,"baseline: scheduled setpoints, no override"
1094,7,12,9.75,34.84487505347893,15.547803155980235,0.0,2.244390558299559,5.239061820548314,139.37950021391572,24.0,21.0,24.036,-0.2505,1.0,1,"baseline: scheduled setpoints, no override"
1095,7,12,10.0,35.37933365582545,15.98922526876331,0.0,2.3374270478629997,5.239061820548314,141.5173346233018,24.0,21.0,24.036,-0.2438,1.0,1,"baseline: scheduled setpoints, no override"
1096,7,12,10.25,36.700483734187884,16.620048190949497,0.0,2.5441424672299866,5.239061820548314,146.80193493675154,24.0,21.0,24.006,-0.2429,1.0,1,"baseline: scheduled setpoints, no override"
1097,7,12,10.5,37.00368800540128,16.86862872990252,0.0,2.5987661994903672,5.239061820548314,148.01475202160512,24.0,21.0,24.0,-0.2398,1.0,1,"baseline: scheduled setpoints, no override"
1098,7,12,10.75,37.30782907851701,17.090826145023424,0.0,2.680709857485191,5.239061820548314,149.23131631406804,24.0,21.0,23.999,-0.2368,1.0,1,"baseline: scheduled setpoints, no override"
1099,7,12,11.0,37.530691180446844,17.26110972388116,0.0,2.733288380557277,5.239061820548314,150.12276472178738,24.0,21.0,23.999,-0.2342,1.0,1,"baseline: scheduled setpoints, no override"
1100,7,12,11.25,36.54566817149168,16.368135486070525,0.0,2.4317046474886856,5.239061820548314,146.1826726859667,24.0,21.0,24.093,-0.216,1.0,1,"baseline: scheduled setpoints, no override"
1101,7,12,11.5,36.395693184585866,16.144494366390408,0.0,2.5053707802629925,5.239061820548314,145.58277273834346,24.0,21.0,24.125,-0.205,1.0,1,"baseline: scheduled setpoints, no override"
1102,7,12,11.75,36.07526446086617,15.862490449728101,0.0,2.4669459732056,5.239061820548314,144.3010578434647,24.0,21.0,24.119,-0.2074,1.0,1,"baseline: scheduled setpoints, no override"
1103,7,12,12.0,35.90708436500659,15.676416253300188,0.0,2.4848400737739365,5.239061820548314,143.62833746002636,24.0,21.0,24.11,-0.2083,1.0,1,"baseline: scheduled setpoints, no override"
1104,7,12,12.25,36.2475957252428,15.434435918060428,0.0,2.8738569280396042,5.239061820548314,144.9903829009712,24.0,21.0,24.018,-0.2279,1.0,1,"baseline: scheduled setpoints, no override"
1105,7,12,12.5,35.097139256294476,14.405764163280542,0.0,2.7520722138711644,5.239061820548314,140.3885570251779,24.0,21.0,24.001,-0.2343,1.0,1,"baseline: scheduled setpoints, no override"
1106,7,12,12.75,34.0891614701467,13.40284520979112,0.0,2.747013381212816,5.239061820548314,136.3566458805868,24.0,21.0,23.999,-0.2433,1.0,1,"baseline: scheduled setpoints, no override"
1107,7,12,13.0,32.812921849287896,12.269704292034154,0.0,2.6039146781109697,5.239061820548314,131.25168739715158,24.0,21.0,23.999,-0.2546,1.0,1,"baseline: scheduled setpoints, no override"
1108,7,12,13.25,31.694054462467268,12.248131279547597,0.0,2.393241843720531,5.239061820548314,126.77621784986907,24.0,21.0,24.032,-0.2529,1.0,1,"baseline: scheduled setpoints, no override"
1109,7,12,13.5,31.96534800513458,12.564833828634415,0.0,2.347832837301026,5.239061820548314,127.86139202053832,24.0,21.0,24.036,-0.2583,1.0,1,"baseline: scheduled setpoints, no override"
1110,7,12,13.75,32.399160736889876,13.01849480906705,0.0,2.3279845886236847,5.239061820548314,129.5966429475595,24.0,21.0,24.036,-0.2575,1.0,1,"baseline: scheduled setpoints, no override"
1111,7,12,14.0,32.96346212037735,13.57039826622004,0.0,2.340382514958167,5.239061820548314,131.8538484815094,24.0,21.0,24.036,-0.256,1.0,1,"baseline: scheduled setpoints, no override"
1112,7,12,14.25,32.67931433419363,13.259640169036928,0.0,2.3669928259575608,5.239061820548314,130.7172573367745,24.0,21.0,24.005,-0.2631,1.0,1,"baseline: scheduled setpoints, no override"
1113,7,12,14.5,32.09350668488217,12.735668104592735,0.0,2.3051572410902996,5.239061820548314,128.3740267395287,24.0,21.0,24.0,-0.2666,1.0,1,"baseline: scheduled setpoints, no override"
1114,7,12,14.75,31.64256742777842,12.288188356879859,0.0,2.3016977316994205,5.239061820548314,126.57026971111368,24.0,21.0,23.999,-0.2676,1.0,1,"baseline: scheduled setpoints, no override"
1115,7,12,15.0,31.170373463827378,11.835220915856745,0.0,2.2824712087714913,5.239061820548314,124.68149385530951,24.0,21.0,23.999,-0.2682,1.0,1,"baseline: scheduled setpoints, no override"
1116,7,12,15.25,32.34358925190826,12.186021447301004,0.0,2.3794688491686715,5.239061820548314,129.37435700763305,24.0,21.0,23.999,-0.2665,1.0,1,"baseline: scheduled setpoints, no override"
1117,7,12,15.5,32.580555558655426,12.412413589156323,0.0,2.390043014060515,5.239061820548314,130.3222222346217,24.0,21.0,23.999,-0.2655,1.0,1,"baseline: scheduled setpoints, no override"
1118,7,12,15.75,32.81586683784789,12.629287194434426,0.0,2.408480687974878,5.239061820548314,131.26346735139157,24.0,21.0,23.999,-0.263,1.0,1,"baseline: scheduled setpoints, no override"
1119,7,12,16.0,33.04149455461588,12.843347486885321,0.0,2.420048112291976,5.239061820548314,132.16597821846352,24.0,21.0,23.999,-0.2617,1.0,1,"baseline: scheduled setpoints, no override"
1120,7,12,16.25,26.01049866928049,11.514250454586993,0.0,1.7164713925527957,2.9105899003046205,104.04199467712196,24.0,21.0,23.999,-0.2712,1.0,1,"baseline: scheduled setpoints, no override"
1121,7,12,16.5,25.66537724804226,11.211568872438406,0.0,1.6754110387843686,2.9105899003046205,102.66150899216905,24.0,21.0,23.999,-0.2727,1.0,1,"baseline: scheduled setpoints, no override"
1122,7,12,16.75,29.4507404999899,13.095263304743956,0.0,3.577079858426462,2.9105899003046205,117.8029619999596,24.0,21.0,24.059,-0.2572,1.0,1,"baseline: scheduled setpoints, no override"
1123,7,12,17.0,32.83599084796232,14.775913825473225,0.0,5.281679685669616,2.9105899003046205,131.3439633918493,24.0,21.0,24.129,-0.2275,1.0,1,"baseline: scheduled setpoints, no override"
1124,7,12,17.25,18.152113216189374,10.63152002894856,0.0,0.9117012624091769,1.7463539401827715,72.6084528647575,24.0,21.0,24.01,-0.2692,1.0,1,"baseline: scheduled setpoints, no override"
1125,7,12,17.5,16.79477879872404,9.335948671679144,0.0,0.818879798795082,1.7779324186305543,67.17911519489616,24.0,21.0,23.999,-0.3096,1.0,1,"baseline: scheduled setpoints, no override"
1126,7,12,17.75,16.962528238061623,9.4927442305173,0.0,0.8212332998120911,1.7865187594059593,67.85011295224649,24.0,21.0,23.999,-0.3336,1.0,1,"baseline: scheduled setpoints, no override"
1127,7,12,18.0,16.039655303896005,8.591867724238535,0.0,0.7836706419571867,1.8020811715298155,64.15862121558402,24.0,21.0,23.999,-0.3503,1.0,1,"baseline: scheduled setpoints, no override"
1128,7,12,18.25,16.095443945748542,9.32488585283435,0.0,0.7289676410653866,1.8242851180458217,64.38177578299417,24.0,21.0,23.999,-0.3651,1.0,1,"baseline: scheduled setpoints, no override"
1129,7,12,18.5,16.640068851284134,9.822984761902186,0.0,0.7002553989931279,1.8995134886576759,66.56027540513654,24.0,21.0,23.999,-0.3768,1.0,1,"baseline: scheduled setpoints, no override"
1130,7,12,18.75,16.16661761480805,9.296170791323556,0.0,0.6769650950091672,1.9761330797255041,64.6664704592322,24.0,21.0,24.0,-0.3866,1.0,1,"baseline: scheduled setpoints, no override"
1131,7,12,19.0,15.749699732506997,8.837719939418449,0.0,0.656303584888383,2.0382934718885215,62.99879893002799,24.0,21.0,24.0,-0.395,1.0,0,"baseline: scheduled setpoints, no override"
1132,7,12,19.25,14.805759178005195,8.536852106505776,0.0,0.6327301113213386,1.4187665527950464,59.22303671202078,24.0,21.0,24.0,-0.4026,1.0,0,"baseline: scheduled setpoints, no override"
1133,7,12,19.5,15.351488783845559,8.274834820311385,0.0,0.6132656222048932,1.4798280673710709,61.405955135382236,24.0,21.0,24.0,-0.4113,1.0,0,"baseline: scheduled setpoints, no override"
1134,7,12,19.75,15.145634948607546,8.08261794761053,0.0,0.5996016065256992,1.4798280673710709,60.58253979443018,24.0,21.0,24.0,-0.4167,1.0,0,"baseline: scheduled setpoints, no override"
1135,7,12,20.0,14.971669321557329,7.919829298905153,0.0,0.588424628180859,1.4798280673710709,59.886677286229315,24.0,21.0,24.0,-0.4215,1.0,0,"baseline: scheduled setpoints, no override"
1136,7,12,20.25,14.414215820420235,7.700489255805679,0.0,0.5726797811464238,1.4798280673710709,57.65686328168094,24.0,21.0,24.0,-0.4254,1.0,0,"baseline: scheduled setpoints, no override"
1137,7,12,20.5,14.277874214236496,7.573613895705232,0.0,0.5632135350631332,1.4798280673710709,57.11149685694598,24.0,21.0,24.0,-0.4291,1.0,0,"baseline: scheduled setpoints, no override"
1138,7,12,20.75,14.18558891717961,7.484720014931266,0.0,0.559822118780212,1.4798280673710709,56.74235566871844,24.0,21.0,24.0,-0.4329,1.0,0,"baseline: scheduled setpoints, no override"
1139,7,12,21.0,14.111319556225215,7.412341896738901,0.0,0.5579308760181833,1.4798280673710709,56.44527822490086,24.0,21.0,24.0,-0.4363,1.0,0,"baseline: scheduled setpoints, no override"
1140,7,12,21.25,5.401132749782597,0.0,0.0,0.0,0.7399140336855354,21.60453099913039,26.7,15.6,24.705,-0.3053,1.0,0,"baseline: scheduled setpoints, no override"
1141,7,12,21.5,5.400806004769311,0.0,0.0,0.0,0.7399140336855354,21.603224019077246,26.7,15.6,25.347,-0.166,1.0,0,"baseline: scheduled setpoints, no override"
1142,7,12,21.75,5.400806004769311,0.0,0.0,0.0,0.7399140336855354,21.603224019077246,26.7,15.6,25.705,-0.0778,1.0,0,"baseline: scheduled setpoints, no override"
1143,7,12,22.0,5.400806004769311,0.0,0.0,0.0,0.7399140336855354,21.603224019077246,26.7,15.6,25.808,-0.0408,1.0,0,"baseline: scheduled setpoints, no override"
1144,7,12,22.25,5.030848987926544,0.0,0.0,0.0,0.3699570168427677,20.123395951706176,26.7,15.6,25.814,-0.029,1.0,0,"baseline: scheduled setpoints, no override"
1145,7,12,22.5,5.030686389287992,0.0,0.0,0.0,0.3699570168427677,20.12274555715197,26.7,15.6,25.822,-0.0206,1.0,0,"baseline: scheduled setpoints, no override"
1146,7,12,22.75,5.030686389287992,0.0,0.0,0.0,0.3699570168427677,20.12274555715197,26.7,15.6,25.845,-0.0117,1.0,0,"baseline: scheduled setpoints, no override"
1147,7,12,23.0,5.030686389287992,0.0,0.0,0.0,0.3699570168427677,20.12274555715197,26.7,15.6,25.87,-0.0046,1.0,0,"baseline: scheduled setpoints, no override"
1148,7,12,23.25,4.161603085050822,0.0,0.0,0.0,0.42902242127888573,16.646412340203288,26.7,15.6,25.849,-0.0065,1.0,0,"baseline: scheduled setpoints, no override"
1149,7,12,23.5,4.0007399666498555,0.0,0.0,0.0,0.26813901328740164,16.002959866599422,26.7,15.6,25.819,-0.0114,1.0,0,"baseline: scheduled setpoints, no override"
1150,7,12,23.75,4.000684730120568,0.0,0.0,0.0,0.26813901328740164,16.002738920482273,26.7,15.6,25.806,-0.0137,1.0,0,"baseline: scheduled setpoints, no override"
1151,7,12,24.0,4.000684730120568,0.0,0.0,0.0,0.26813901328740164,16.002738920482273,26.7,15.6,25.808,-0.0132,1.0,0,"baseline: scheduled setpoints, no override"
1152,7,13,0.25,4.000684730120568,0.0,0.0,0.0,0.26813901328740164,16.002738920482273,26.7,15.6,25.813,-0.0126,1.0,0,"baseline: scheduled setpoints, no override"
1153,7,13,0.5,4.000684730120568,0.0,0.0,0.0,0.26813901328740164,16.002738920482273,26.7,15.6,25.814,-0.0124,1.0,0,"baseline: scheduled setpoints, no override"
1154,7,13,0.75,4.000684730120568,0.0,0.0,0.0,0.26813901328740164,16.002738920482273,26.7,15.6,25.813,-0.0127,1.0,0,"baseline: scheduled setpoints, no override"
1155,7,13,1.0,4.000684730120568,0.0,0.0,0.0,0.26813901328740164,16.002738920482273,26.7,15.6,25.812,-0.0132,1.0,0,"baseline: scheduled setpoints, no override"
1156,7,13,1.25,4.000684730120568,0.0,0.0,0.0,0.26813901328740164,16.002738920482273,26.7,15.6,25.804,-0.0161,1.0,0,"baseline: scheduled setpoints, no override"
1157,7,13,1.5,4.000684730120568,0.0,0.0,0.0,0.26813901328740164,16.002738920482273,26.7,15.6,25.788,-0.0207,1.0,0,"baseline: scheduled setpoints, no override"
1158,7,13,1.75,4.000684730120568,0.0,0.0,0.0,0.26813901328740164,16.002738920482273,26.7,15.6,25.769,-0.0265,1.0,0,"baseline: scheduled setpoints, no override"
1159,7,13,2.0,4.000684730120568,0.0,0.0,0.0,0.26813901328740164,16.002738920482273,26.7,15.6,25.746,-0.0331,1.0,0,"baseline: scheduled setpoints, no override"
1160,7,13,2.25,4.000684730120568,0.0,0.0,0.0,0.26813901328740164,16.002738920482273,26.7,15.6,25.726,-0.0379,1.0,0,"baseline: scheduled setpoints, no override"
1161,7,13,2.5,4.000684730120568,0.0,0.0,0.0,0.26813901328740164,16.002738920482273,26.7,15.6,25.706,-0.0424,1.0,0,"baseline: scheduled setpoints, no override"
1162,7,13,2.75,4.000684730120568,0.0,0.0,0.0,0.26813901328740164,16.002738920482273,26.7,15.6,25.687,-0.0463,1.0,0,"baseline: scheduled setpoints, no override"
1163,7,13,3.0,4.000684730120568,0.0,0.0,0.0,0.26813901328740164,16.002738920482273,26.7,15.6,25.666,-0.0503,1.0,0,"baseline: scheduled setpoints, no override"
1164,7,13,3.25,4.000684730120568,0.0,0.0,0.0,0.26813901328740164,16.002738920482273,26.7,15.6,25.65,-0.0529,1.0,0,"baseline: scheduled setpoints, no override"
1165,7,13,3.5,4.000684730120568,0.0,0.0,0.0,0.26813901328740164,16.002738920482273,26.7,15.6,25.639,-0.0545,1.0,0,"baseline: scheduled setpoints, no override"
1166,7,13,3.75,4.000684730120568,0.0,0.0,0.0,0.26813901328740164,16.002738920482273,26.7,15.6,25.63,-0.0555,1.0,0,"baseline: scheduled setpoints, no override"
1167,7,13,4.0,4.000684730120568,0.0,0.0,0.0,0.26813901328740164,16.002738920482273,26.7,15.6,25.622,-0.0562,1.0,0,"baseline: scheduled setpoints, no override"
1168,7,13,4.25,4.000684730120568,0.0,0.0,0.0,0.26813901328740164,16.002738920482273,25.6,17.8,25.617,-0.0567,1.0,0,"baseline: scheduled setpoints, no override"
1169,7,13,4.5,4.000684730120568,0.0,0.0,0.0,0.26813901328740164,16.002738920482273,26.7,15.6,25.616,-0.0568,1.0,0,"baseline: scheduled setpoints, no override"
1170,7,13,4.75,4.000684730120568,0.0,0.0,0.0,0.26813901328740164,16.002738920482273,26.7,15.6,25.616,-0.0571,1.0,0,"baseline: scheduled setpoints, no override"
1171,7,13,5.0,4.000684730120568,0.0,0.0,0.0,0.26813901328740164,16.002738920482273,26.7,15.6,25.616,-0.0581,1.0,0,"baseline: scheduled setpoints, no override"
1172,7,13,5.25,10.432559882900138,4.419294221512818,0.0,0.5417419349387669,0.26813901328740164,41.73023953160055,26.7,15.6,24.917,-0.19,1.0,0,"baseline: scheduled setpoints, no override"
1173,7,13,5.5,11.13573026018889,4.6506895784034326,0.0,0.5417419349387669,0.7399140336855354,44.54292104075556,25.0,20.0,24.334,-0.3159,1.0,0,"baseline: scheduled setpoints, no override"
1174,7,13,5.75,11.11521399242707,4.629966052718992,0.0,0.5417419349387669,0.7399140336855354,44.46085596970828,25.0,20.0,24.179,-0.3701,1.0,0,"baseline: scheduled setpoints, no override"
1175,7,13,6.0,9.67305580875748,4.608358966550767,0.0,0.5417419349387669,0.6284879361841696,38.69222323502992,25.0,20.0,24.264,-0.3503,1.0,0,"baseline: scheduled setpoints, no override"
1176,7,13,6.25,17.963337602942758,8.61388815069212,0.0,0.8327369374225072,1.8015702212631952,71.85335041177103,24.0,21.0,23.996,-0.3925,1.0,0,"baseline: scheduled setpoints, no override"
1177,7,13,6.5,16.253338534795102,7.121873889447622,0.0,0.6428014490211248,1.7730006814988801,65.01335413918041,24.0,21.0,23.968,-0.4009,1.0,0,"baseline: scheduled setpoints, no override"
1178,7,13,6.75,17.588245220005092,8.359966972461303,0.0,0.7532989734580603,1.759329490652022,70.35298088002037,24.0,21.0,23.975,-0.3923,1.0,0,"baseline: scheduled setpoints, no override"
1179,7,13,7.0,17.941236017962115,8.714319549232863,0.0,0.7649188362889437,1.7463539401827715,71.76494407184846,24.0,21.0,23.986,-0.3778,1.0,1,"baseline: scheduled setpoints, no override"
1180,7,13,7.25,37.514016045945034,14.493152030839607,0.0,3.3935134499427906,5.239061820548314,150.05606418378014,24.0,21.0,24.009,-0.3364,1.0,1,"baseline: scheduled setpoints, no override"
1181,7,13,7.5,35.59490582255796,12.668450275325823,0.0,3.294511271874996,5.239061820548314,142.37962329023185,24.0,21.0,24.053,-0.2981,1.0,1,"baseline: scheduled setpoints, no override"
1182,7,13,7.75,33.168500570200834,11.71581871760477,0.0,1.8207375772389205,5.239061820548314,132.67400228080334,24.0,21.0,24.005,-0.2941,1.0,1,"baseline: scheduled setpoints, no override"
1183,7,13,8.0,33.926969774711104,12.341798940021837,0.0,1.953226559332121,5.239061820548314,135.70787909884442,24.0,21.0,23.999,-0.2922,1.0,1,"baseline: scheduled setpoints, no override"
1184,7,13,8.25,31.984641102413608,12.564319729172672,0.0,1.8840282972325408,5.239061820548314,127.93856440965443,24.0,21.0,23.998,-0.2893,1.0,1,"baseline: scheduled setpoints, no override"
1185,7,13,8.5,32.55558513006989,13.050334252903252,0.0,1.96895780115824,5.239061820548314,130.22234052027957,24.0,21.0,23.998,-0.2839,1.0,1,"baseline: scheduled setpoints, no override"
1186,7,13,8.75,32.84773625427377,13.288495942011943,0.0,2.022947236253425,5.239061820548314,131.39094501709508,24.0,21.0,23.999,-0.281,1.0,1,"baseline: scheduled setpoints, no override"
1187,7,13,9.0,33.11824891939514,13.511125501008424,0.0,2.070830342378323,5.239061820548314,132.47299567758057,24.0,21.0,23.999,-0.278,1.0,1,"baseline: scheduled setpoints, no override"
1188,7,13,9.25,32.391316025560904,13.355336875975473,0.0,1.9832978103862897,5.239061820548314,129.56526410224362,24.0,21.0,24.03,-0.272,1.0,1,"baseline: scheduled setpoints, no override"
1189,7,13,9.5,32.72804135753758,13.622970439846668,0.0,2.052389578491773,5.239061820548314,130.9121654301503,24.0,21.0,24.035,-0.2673,1.0,1,"baseline: scheduled setpoints, no override"
1190,7,13,9.75,33.0783688488675,13.925561950602527,0.0,2.1001255590658365,5.239061820548314,132.31347539547,24.0,21.0,24.036,-0.2613,1.0,1,"baseline: scheduled setpoints, no override"
1191,7,13,10.0,33.48788942218297,14.267329684405082,0.0,2.1678783985787473,5.239061820548314,133.95155768873187,24.0,21.0,24.036,-0.2558,1.0,1,"baseline: scheduled setpoints, no override"
1192,7,13,10.25,34.61798065077135,14.727565174848564,0.0,2.3541223999143837,5.239061820548314,138.4719226030854,24.0,21.0,24.006,-0.2558,1.0,1,"baseline: scheduled setpoints, no override"
1193,7,13,10.5,34.777596423088674,14.846708686867682,0.0,2.3945946602125954,5.239061820548314,139.1103856923547,24.0,21.0,24.0,-0.2535,1.0,1,"baseline: scheduled setpoints, no override"
1194,7,13,10.75,34.72926419797464,14.762699588894666,0.0,2.4302715330715814,5.239061820548314,138.91705679189857,24.0,21.0,23.999,-0.2532,1.0,1,"baseline: scheduled setpoints, no override"
1195,7,13,11.0,34.72602940220342,14.75437157816383,0.0,2.4353647480311964,5.239061820548314,138.9041176088137,24.0,21.0,23.999,-0.2533,1.0,1,"baseline: scheduled setpoints, no override"
1196,7,13,11.25,34.269203115999794,14.330245421147254,0.0,2.1931296569200716,5.239061820548314,137.07681246399918,24.0,21.0,24.059,-0.2431,1.0,1,"baseline: scheduled setpoints, no override"
1197,7,13,11.5,34.48909747539616,14.533264221009187,0.0,2.2100052164545083,5.239061820548314,137.95638990158463,24.0,21.0,24.079,-0.2406,1.0,1,"baseline: scheduled setpoints, no override"
1198,7,13,11.75,34.57442968860907,14.637351612315678,0.0,2.1912500383609306,5.239061820548314,138.2977187544363,24.0,21.0,24.082,-0.2403,1.0,1,"baseline: scheduled setpoints, no override"
1199,7,13,12.0,34.70951709276008,14.770901871613905,0.0,2.1927871832137056,5.239061820548314,138.83806837104032,24.0,21.0,24.085,-0.241,1.0,1,"baseline: scheduled setpoints, no override"
1200,7,13,12.25,36.14141278432921,15.67475099940936,0.0,2.5273589057770796,5.239061820548314,144.56565113731685,24.0,21.0,24.013,-0.2537,1.0,1,"baseline: scheduled setpoints, no override"
1201,7,13,12.5,36.172420162267905,15.790038482639543,0.0,2.443078800485587,5.239061820548314,144.68968064907162,24.0,21.0,24.001,-0.259,1.0,1,"baseline: scheduled setpoints, no override"
1202,7,13,12.75,36.383617842946734,15.922158937721235,0.0,2.5221560260827327,5.239061820548314,145.53447137178694,24.0,21.0,23.999,-0.2581,1.0,1,"baseline: scheduled setpoints, no override"
1203,7,13,13.0,36.70302276044083,16.20296331943165,0.0,2.560756561866414,5.239061820548314,146.81209104176332,24.0,21.0,23.999,-0.2534,1.0,1,"baseline: scheduled setpoints, no override"
1204,7,13,13.25,35.21526574549869,15.712927926004445,0.0,2.4496564802951037,5.239061820548314,140.86106298199476,24.0,21.0,24.032,-0.2422,1.0,1,"baseline: scheduled setpoints, no override"
1205,7,13,13.5,35.300590040447716,15.701568220955723,0.0,2.546340480292849,5.239061820548314,141.20236016179086,24.0,21.0,24.035,-0.2352,1.0,1,"baseline: scheduled setpoints, no override"
1206,7,13,13.75,35.298407219443796,15.652775950181198,0.0,2.592949930063458,5.239061820548314,141.19362887777518,24.0,21.0,24.036,-0.2308,1.0,1,"baseline: scheduled setpoints, no override"
1207,7,13,14.0,35.29819149307506,15.585233544377246,0.0,2.6602766094986725,5.239061820548314,141.19276597230024,24.0,21.0,24.036,-0.2267,1.0,1,"baseline: scheduled setpoints, no override"
1208,7,13,14.25,35.8788731539751,16.05099087477973,0.0,2.775200939996238,5.239061820548314,143.5154926159004,24.0,21.0,24.005,-0.2295,1.0,1,"baseline: scheduled setpoints, no override"
1209,7,13,14.5,36.13011198171315,16.282319983997215,0.0,2.7951106585167964,5.239061820548314,144.5204479268526,24.0,21.0,24.0,-0.2269,1.0,1,"baseline: scheduled setpoints, no override"
1210,7,13,14.75,36.521496205019986,16.58812781638231,0.0,2.880687049438538,5.239061820548314,146.08598482007994,24.0,21.0,23.999,-0.2225,1.0,1,"baseline: scheduled setpoints, no override"
1211,7,13,15.0,36.82873635105792,16.853444769499884,0.0,2.922610242358898,5.239061820548314,147.31494540423168,24.0,21.0,23.999,-0.219,1.0,1,"baseline: scheduled setpoints, no override"
1212,7,13,15.25,37.974938857172575,17.140530629977338,0.0,3.0563092717566525,5.239061820548314,151.8997554286903,24.0,21.0,23.999,-0.216,1.0,1,"baseline: scheduled setpoints, no override"
1213,7,13,15.5,38.1740667913777,17.291748838554753,0.0,3.104218997384366,5.239061820548314,152.6962671655108,24.0,21.0,23.999,-0.2126,1.0,1,"baseline: scheduled setpoints, no override"
1214,7,13,15.75,38.259626348168034,17.359244914490972,0.0,3.1222824782384784,5.239061820548314,153.03850539267214,24.0,21.0,23.999,-0.2113,1.0,1,"baseline: scheduled setpoints, no override"
1215,7,13,16.0,38.30492424379938,17.39781924008867,0.0,3.1290060482721267,5.239061820548314,153.2196969751975,24.0,21.0,23.999,-0.211,1.0,1,"baseline: scheduled setpoints, no override"
1216,7,13,16.25,31.005311602147906,15.986988576094458,0.0,2.2385462039127417,2.9105899003046205,124.02124640859162,24.0,21.0,24.06,-0.2081,1.0,1,"baseline: scheduled setpoints, no override"
1217,7,13,16.5,30.79318270768636,15.778420399562386,0.0,2.236364971304493,2.9105899003046205,123.17273083074544,24.0,21.0,24.09,-0.2035,1.0,1,"baseline: scheduled setpoints, no override"
1218,7,13,16.75,30.495937383463716,15.598190471064827,0.0,2.1193495755794047,2.9105899003046205,121.98374953385486,24.0,21.0,24.089,-0.2151,1.0,1,"baseline: scheduled setpoints, no override"
1219,7,13,17.0,30.159017548018376,15.370776880033823,0.0,2.009843331165071,2.9105899003046205,120.6360701920735,24.0,21.0,24.084,-0.2281,1.0,1,"baseline: scheduled setpoints, no override"
1220,7,13,17.25,20.847927310402433,12.973072962087238,0.0,1.2659624234835618,1.7463539401827715,83.39170924160973,24.0,21.0,24.011,-0.2678,1.0,1,"baseline: scheduled setpoints, no override"
1221,7,13,17.5,19.56205203821746,11.84315416905036,0.0,1.1105260193650743,1.7463539401827715,78.24820815286984,24.0,21.0,24.001,-0.2965,1.0,1,"baseline: scheduled setpoints, no override"
1222,7,13,17.75,18.957780660383662,11.29080353713687,0.0,1.0551037860728072,1.7498554275547307,75.83112264153465,24.0,21.0,24.0,-0.3095,1.0,1,"baseline: scheduled setpoints, no override"
1223,7,13,18.0,18.322097277004683,10.711969522196844,0.0,0.9939389180925191,1.7541693706408799,73.28838910801873,24.0,21.0,24.0,-0.3206,1.0,1,"baseline: scheduled setpoints, no override"
1224,7,13,18.25,17.085118310805385,10.197047864063,0.0,0.9036553017527925,1.7671310979079882,68.34047324322154,24.0,21.0,24.0,-0.3314,1.0,1,"baseline: scheduled setpoints, no override"
1225,7,13,18.5,16.721290887579514,9.870698196856711,0.0,0.8558528171280173,1.7774500686069945,66.88516355031805,24.0,21.0,24.0,-0.3424,1.0,1,"baseline: scheduled setpoints, no override"
1226,7,13,18.75,16.456578003216467,9.604763705988947,0.0,0.8188752387260418,1.8156446691285155,65.82631201286587,24.0,21.0,24.0,-0.3516,1.0,1,"baseline: scheduled setpoints, no override"
1227,7,13,19.0,16.262955890362598,9.366274869733175,0.0,0.7876204121097238,1.8917492470179404,65.05182356145039,24.0,21.0,24.0,-0.3598,1.0,0,"baseline: scheduled setpoints, no override"
1228,7,13,19.25,15.396475067681624,9.046504135898529,0.0,0.7494994504874147,1.3831262855680442,61.5859002707265,24.0,21.0,24.0,-0.3696,1.0,0,"baseline: scheduled setpoints, no override"
1229,7,13,19.5,15.850666118746386,8.678165690168505,0.0,0.7091278710672106,1.4798280673710709,63.40266447498554,24.0,21.0,24.0,-0.3831,1.0,0,"baseline: scheduled setpoints, no override"
1230,7,13,19.75,15.572953255401364,8.423543714286952,0.0,0.6859941466430985,1.4798280673710709,62.291813021605456,24.0,21.0,24.0,-0.389,1.0,0,"baseline: scheduled setpoints, no override"
1231,7,13,20.0,15.339665978609634,8.207983222827593,0.0,0.6682673613107244,1.4798280673710709,61.35866391443854,24.0,21.0,24.0,-0.3941,1.0,0,"baseline: scheduled setpoints, no override"
1232,7,13,20.25,14.825230483308964,8.039375917461914,0.0,0.6448077823789186,1.4798280673710709,59.300921933235855,24.0,21.0,24.0,-0.3984,1.0,0,"baseline: scheduled setpoints, no override"
1233,7,13,20.5,14.772160447046826,8.001894461876928,0.0,0.6292192017017663,1.4798280673710709,59.0886417881873,24.0,21.0,24.0,-0.4033,1.0,0,"baseline: scheduled setpoints, no override"
1234,7,13,20.75,14.681853456295679,7.923940690743113,0.0,0.6168659820844316,1.4798280673710709,58.727413825182715,24.0,21.0,24.0,-0.4085,1.0,0,"baseline: scheduled setpoints, no override"
1235,7,13,21.0,14.591000423896462,7.844819722795929,0.0,0.6051339176324042,1.4798280673710709,58.36400169558585,24.0,21.0,24.0,-0.4138,1.0,0,"baseline: scheduled setpoints, no override"
1236,7,13,21.25,5.401132749782597,0.0,0.0,0.0,0.7399140336855354,21.60453099913039,26.7,15.6,24.817,-0.2664,1.0,0,"baseline: scheduled setpoints, no override"
1237,7,13,21.5,5.400806004769311,0.0,0.0,0.0,0.7399140336855354,21.603224019077246,26.7,15.6,25.542,-0.1134,1.0,0,"baseline: scheduled setpoints, no override"
1238,7,13,21.75,5.400806004769311,0.0,0.0,0.0,0.7399140336855354,21.603224019077246,26.7,15.6,25.95,-0.0194,1.0,0,"baseline: scheduled setpoints, no override"
1239,7,13,22.0,5.400806004769311,0.0,0.0,0.0,0.7399140336855354,21.603224019077246,26.7,15.6,26.06,0.0137,1.0,0,"baseline: scheduled setpoints, no override"
1240,7,13,22.25,5.030848987926544,0.0,0.0,0.0,0.3699570168427677,20.123395951706176,26.7,15.6,26.067,0.0245,1.0,0,"baseline: scheduled setpoints, no override"
1241,7,13,22.5,5.030686389287992,0.0,0.0,0.0,0.3699570168427677,20.12274555715197,26.7,15.6,26.087,0.0353,1.0,0,"baseline: scheduled setpoints, no override"
1242,7,13,22.75,5.030686389287992,0.0,0.0,0.0,0.3699570168427677,20.12274555715197,26.7,15.6,26.129,0.0502,1.0,0,"baseline: scheduled setpoints, no override"
1243,7,13,23.0,5.030686389287992,0.0,0.0,0.0,0.3699570168427677,20.12274555715197,26.7,15.6,26.17,0.0656,1.0,0,"baseline: scheduled setpoints, no override"
1244,7,13,23.25,3.380300275214156,0.0,0.0,0.0,0.42902242127888573,13.521201100856624,26.7,15.6,26.13,0.0631,1.0,0,"baseline: scheduled setpoints, no override"
1245,7,13,23.5,3.2194316745877134,0.0,0.0,0.0,0.26813901328740164,12.877726698350854,26.7,15.6,26.076,0.0566,1.0,0,"baseline: scheduled setpoints, no override"
1246,7,13,23.75,3.2193913687191618,0.0,0.0,0.0,0.26813901328740164,12.877565474876647,26.7,15.6,26.051,0.0548,1.0,0,"baseline: scheduled setpoints, no override"
1247,7,13,24.0,3.2193913687191618,0.0,0.0,0.0,0.26813901328740164,12.877565474876647,26.7,15.6,26.05,0.0574,1.0,0,"baseline: scheduled setpoints, no override"
1248,7,14,0.25,3.2193913687191618,0.0,0.0,0.0,0.26813901328740164,12.877565474876647,26.7,15.6,26.052,0.06,1.0,0,"baseline: scheduled setpoints, no override"
1249,7,14,0.5,3.2193913687191618,0.0,0.0,0.0,0.26813901328740164,12.877565474876647,26.7,15.6,26.049,0.0607,1.0,0,"baseline: scheduled setpoints, no override"
1250,7,14,0.75,3.2193913687191618,0.0,0.0,0.0,0.26813901328740164,12.877565474876647,26.7,15.6,26.041,0.0598,1.0,0,"baseline: scheduled setpoints, no override"
1251,7,14,1.0,3.2193913687191618,0.0,0.0,0.0,0.26813901328740164,12.877565474876647,26.7,15.6,26.032,0.0573,1.0,0,"baseline: scheduled setpoints, no override"
1252,7,14,1.25,3.2193913687191618,0.0,0.0,0.0,0.26813901328740164,12.877565474876647,26.7,15.6,26.022,0.0543,1.0,0,"baseline: scheduled setpoints, no override"
1253,7,14,1.5,3.2193913687191618,0.0,0.0,0.0,0.26813901328740164,12.877565474876647,26.7,15.6,26.012,0.0511,1.0,0,"baseline: scheduled setpoints, no override"
1254,7,14,1.75,3.2193913687191618,0.0,0.0,0.0,0.26813901328740164,12.877565474876647,26.7,15.6,26.001,0.0477,1.0,0,"baseline: scheduled setpoints, no override"
1255,7,14,2.0,3.2193913687191618,0.0,0.0,0.0,0.26813901328740164,12.877565474876647,26.7,15.6,25.989,0.044,1.0,0,"baseline: scheduled setpoints, no override"
1256,7,14,2.25,3.2193913687191618,0.0,0.0,0.0,0.26813901328740164,12.877565474876647,26.7,15.6,25.982,0.043,1.0,0,"baseline: scheduled setpoints, no override"
1257,7,14,2.5,3.2193913687191618,0.0,0.0,0.0,0.26813901328740164,12.877565474876647,26.7,15.6,25.981,0.0433,1.0,0,"baseline: scheduled setpoints, no override"
1258,7,14,2.75,3.2193913687191618,0.0,0.0,0.0,0.26813901328740164,12.877565474876647,26.7,15.6,25.981,0.0446,1.0,0,"baseline: scheduled setpoints, no override"
1259,7,14,3.0,3.2193913687191618,0.0,0.0,0.0,0.26813901328740164,12.877565474876647,26.7,15.6,25.982,0.0465,1.0,0,"baseline: scheduled setpoints, no override"
1260,7,14,3.25,3.2193913687191618,0.0,0.0,0.0,0.26813901328740164,12.877565474876647,26.7,15.6,25.978,0.0465,1.0,0,"baseline: scheduled setpoints, no override"
1261,7,14,3.5,3.2193913687191618,0.0,0.0,0.0,0.26813901328740164,12.877565474876647,26.7,15.6,25.97,0.0453,1.0,0,"baseline: scheduled setpoints, no override"
1262,7,14,3.75,3.2193913687191618,0.0,0.0,0.0,0.26813901328740164,12.877565474876647,26.7,15.6,25.96,0.0432,1.0,0,"baseline: scheduled setpoints, no override"
1263,7,14,4.0,3.2193913687191618,0.0,0.0,0.0,0.26813901328740164,12.877565474876647,26.7,15.6,25.949,0.0399,1.0,0,"baseline: scheduled setpoints, no override"
1264,7,14,4.25,5.21198938383416,1.7864415848402966,0.0,0.20615643027470157,0.26813901328740164,20.84795753533664,25.7,17.8,25.695,-0.0093,1.0,0,"baseline: scheduled setpoints, no override"
1265,7,14,4.5,5.313516337576438,1.8879685385825749,0.0,0.20615643027470157,0.26813901328740164,21.25406535030575,25.7,17.8,25.466,-0.0586,1.0,0,"baseline: scheduled setpoints, no override"
1266,7,14,4.75,3.2193913687191618,0.0,0.0,0.0,0.26813901328740164,12.877565474876647,25.7,17.8,25.593,-0.0423,1.0,0,"baseline: scheduled setpoints, no override"
1267,7,14,5.0,3.2193913687191618,0.0,0.0,0.0,0.26813901328740164,12.877565474876647,25.7,17.8,25.765,-0.0115,1.0,0,"baseline: scheduled setpoints, no override"
1268,7,14,5.25,12.770972823625602,6.717064981754283,0.0,0.5823841154227637,0.26813901328740164,51.08389129450241,25.0,20.0,25.006,-0.1515,1.0,0,"baseline: scheduled setpoints, no override"
1269,7,14,5.5,11.937842406453314,5.452801724667858,0.0,0.5417419349387669,0.7399140336855354,47.751369625813254,25.0,20.0,24.504,-0.2633,1.0,0,"baseline: scheduled setpoints, no override"
1270,7,14,5.75,11.925107380595112,5.439859440887032,0.0,0.5417419349387669,0.7399140336855354,47.700429522380446,25.0,20.0,24.43,-0.2994,1.0,0,"baseline: scheduled setpoints, no override"
1271,7,14,6.0,10.455071847956027,5.386285929312342,0.0,0.5417419349387669,0.6325770126211411,41.82028739182411,25.0,20.0,24.527,-0.2775,1.0,0,"baseline: scheduled setpoints, no override"
1272,7,14,6.25,17.37188330562937,10.710309462886377,0.0,0.8735563236536962,0.6041238563198994,69.48753322251748,24.0,21.0,24.051,-0.3688,1.0,0,"baseline: scheduled setpoints, no override"
1273,7,14,6.5,14.183860195591302,7.829185605042463,0.0,0.5792067636411387,0.5915866953642327,56.73544078236521,24.0,21.0,24.003,-0.3954,1.0,0,"baseline: scheduled setpoints, no override"
1274,7,14,6.75,16.30118877553236,9.822045954971808,0.0,0.7108290779065302,0.58443813170878,65.20475510212944,24.0,21.0,24.0,-0.3932,1.0,0,"baseline: scheduled setpoints, no override"
1275,7,14,7.0,14.986831708556164,8.52134325305574,0.0,0.6994980120189478,0.5821179800609236,59.947326834224654,24.0,21.0,24.0,-0.3883,1.0,1,"baseline: scheduled setpoints, no override"
1276,7,14,7.25,17.05712419801813,8.502641465526478,0.0,0.8101725806962639,1.7463539401827715,68.22849679207252,24.0,21.0,24.0,-0.3752,1.0,1,"baseline: scheduled setpoints, no override"
1277,7,14,7.5,17.568877430628977,8.969072376482487,0.0,0.8548220510939382,1.7463539401827715,70.2755097225159,24.0,21.0,24.0,-0.3633,1.0,1,"baseline: scheduled setpoints, no override"
1278,7,14,7.75,18.02794673559876,9.392913304832229,0.0,0.8900504277139775,1.7463539401827715,72.11178694239504,24.0,21.0,24.0,-0.3538,1.0,1,"baseline: scheduled setpoints, no override"
1279,7,14,8.0,18.55737930946742,9.876429347693847,0.0,0.9359669587210213,1.7463539401827715,74.22951723786969,24.0,21.0,24.0,-0.3415,1.0,1,"baseline: scheduled setpoints, no override"
1280,7,14,8.25,19.580794127782767,10.272921526202307,0.0,0.998733828560172,1.7463539401827715,78.32317651113107,24.0,21.0,24.0,-0.3324,1.0,1,"baseline: scheduled setpoints, no override"
1281,7,14,8.5,19.906122716481374,10.554486526963148,0.0,1.042497416497936,1.7463539401827715,79.6244908659255,24.0,21.0,24.0,-0.3236,1.0,1,"baseline: scheduled setpoints, no override"
1282,7,14,8.75,20.236101886477165,10.837609686282702,0.0,1.0893534271741694,1.7463539401827715,80.94440754590866,24.0,21.0,24.0,-0.3138,1.0,1,"baseline: scheduled setpoints, no override"
1283,7,14,9.0,20.57005422660027,11.12173461221911,0.0,1.1391808413608648,1.7463539401827715,82.28021690640108,24.0,21.0,24.0,-0.3043,1.0,1,"baseline: scheduled setpoints, no override"
1284,7,14,9.25,20.303203919029265,11.091015001504378,0.0,1.1448311918908796,1.7463539401827715,81.21281567611706,24.0,21.0,24.031,-0.2885,1.0,1,"baseline: scheduled setpoints, no override"
1285,7,14,9.5,20.60627356345285,11.33250913968908,0.0,1.2064066981297614,1.7463539401827715,82.4250942538114,24.0,21.0,24.036,-0.2784,1.0,1,"baseline: scheduled setpoints, no override"
1286,7,14,9.75,20.751183955564503,11.453511335209315,0.0,1.2303148947211795,1.7463539401827715,83.00473582225801,24.0,21.0,24.036,-0.2736,1.0,1,"baseline: scheduled setpoints, no override"
1287,7,14,10.0,20.896217471406295,11.570903826569703,0.0,1.2579559192025882,1.7463539401827715,83.58486988562518,24.0,21.0,24.037,-0.2699,1.0,1,"baseline: scheduled setpoints, no override"
1288,7,14,10.25,22.017548604414632,12.029056354312166,0.0,1.3569787399659283,1.7463539401827715,88.07019441765853,24.0,21.0,24.007,-0.2712,1.0,1,"baseline: scheduled setpoints, no override"
1289,7,14,10.5,22.160699973367652,12.15970373309892,0.0,1.369482730132198,1.7463539401827715,88.64279989347061,24.0,21.0,24.001,-0.2707,1.0,1,"baseline: scheduled setpoints, no override"
1290,7,14,10.75,22.287789185663087,12.269884826516552,0.0,1.3863908490100003,1.7463539401827715,89.15115674265235,24.0,21.0,24.0,-0.2709,1.0,1,"baseline: scheduled setpoints, no override"
1291,7,14,11.0,22.35267201433803,12.332592246872576,0.0,1.3885662573289181,1.7463539401827715,89.41068805735212,24.0,21.0,24.0,-0.2714,1.0,1,"baseline: scheduled setpoints, no override"
1292,7,14,11.25,18.666093947915165,11.55054900275019,0.0,1.141061324532305,0.8731769700913857,74.66437579166066,24.0,21.0,24.032,-0.2699,1.0,1,"baseline: scheduled setpoints, no override"
1293,7,14,11.5,18.569223118747967,11.448430736378063,0.0,1.146640933357486,0.8731769700913857,74.27689247499187,24.0,21.0,24.036,-0.2707,1.0,1,"baseline: scheduled setpoints, no override"
1294,7,14,11.75,18.340420357601502,11.253229452895761,0.0,1.1130394556933227,0.8731769700913857,73.36168143040601,24.0,21.0,24.037,-0.2767,1.0,1,"baseline: scheduled setpoints, no override"
1295,7,14,12.0,18.161758044936985,11.093357637469499,0.0,1.0942489584550668,0.8731769700913857,72.64703217974794,24.0,21.0,24.037,-0.2809,1.0,1,"baseline: scheduled setpoints, no override"
1296,7,14,12.25,17.48786551022051,11.08055308968806,0.0,1.0778924648260213,0.8731769700913857,69.95146204088203,24.0,21.0,24.006,-0.2908,1.0,1,"baseline: scheduled setpoints, no override"
1297,7,14,12.5,17.394866081269416,11.016255809915407,0.0,1.0491903156475768,0.8731769700913857,69.57946432507767,24.0,21.0,24.001,-0.2962,1.0,1,"baseline: scheduled setpoints, no override"
1298,7,14,12.75,17.324717725252377,10.965815264009171,0.0,1.0294825055367745,0.8731769700913857,69.29887090100951,24.0,21.0,24.0,-0.302,1.0,1,"baseline: scheduled setpoints, no override"
1299,7,14,13.0,17.368741230552185,11.010003039237386,0.0,1.0293182356083648,0.8731769700913857,69.47496492220874,24.0,21.0,24.0,-0.3004,1.0,1,"baseline: scheduled setpoints, no override"
1300,7,14,13.25,16.94012866045971,11.009675903356081,0.0,1.0039899702788995,0.8731769700913857,67.76051464183884,24.0,21.0,24.034,-0.2908,1.0,1,"baseline: scheduled setpoints, no override"
1301,7,14,13.5,17.20649612005074,11.242435955244641,0.0,1.0375973779813688,0.8731769700913857,68.82598448020296,24.0,21.0,24.036,-0.2844,1.0,1,"baseline: scheduled setpoints, no override"
1302,7,14,13.75,17.284850672905616,11.308190940713965,0.0,1.0501969453669242,0.8731769700913857,69.13940269162246,24.0,21.0,24.037,-0.2794,1.0,1,"baseline: scheduled setpoints, no override"
1303,7,14,14.0,17.539220617810773,11.533558802752397,0.0,1.0791990282336479,0.8731769700913857,70.1568824712431,24.0,21.0,24.037,-0.2728,1.0,1,"baseline: scheduled setpoints, no override"
1304,7,14,14.25,17.399505690457367,11.685015195162874,0.0,1.1103934355820182,0.8731769700913857,69.59802276182947,24.0,21.0,24.005,-0.2753,1.0,1,"baseline: scheduled setpoints, no override"
1305,7,14,14.5,17.40070084399967,11.692379807907463,0.0,1.1042239763797326,0.8731769700913857,69.60280337599868,24.0,21.0,24.0,-0.2751,1.0,1,"baseline: scheduled setpoints, no override"
1306,7,14,14.75,17.527377634481343,11.79646360070528,0.0,1.1268169740635874,0.8731769700913857,70.10951053792537,24.0,21.0,24.0,-0.2717,1.0,1,"baseline: scheduled setpoints, no override"
1307,7,14,15.0,17.631503921495796,11.884714729069737,0.0,1.1426921327135835,0.8731769700913857,70.52601568598318,24.0,21.0,24.0,-0.268,1.0,1,"baseline: scheduled setpoints, no override"
1308,7,14,15.25,17.706254283040405,11.859378537704794,0.0,1.162187254511107,0.8731769700913857,70.82501713216162,24.0,21.0,24.0,-0.2643,1.0,1,"baseline: scheduled setpoints, no override"
1309,7,14,15.5,17.71027901691148,11.842193804242482,0.0,1.1833967218444943,0.8731769700913857,70.84111606764591,24.0,21.0,24.0,-0.2601,1.0,1,"baseline: scheduled setpoints, no override"
1310,7,14,15.75,17.63436021916134,11.760595833319424,0.0,1.1890758950174136,0.8731769700913857,70.53744087664536,24.0,21.0,24.0,-0.2593,1.0,1,"baseline: scheduled setpoints, no override"
1311,7,14,16.0,17.524972289658514,11.651103654446208,0.0,1.1891801443878027,0.8731769700913857,70.09988915863406,24.0,21.0,24.0,-0.2591,1.0,1,"baseline: scheduled setpoints, no override"
1312,7,14,16.25,10.812383800535466,6.572411738993267,0.0,0.5417419349387669,0.2910589900304618,43.249535202141864,26.7,15.6,25.03,-0.0706,0.9333,1,"baseline: scheduled setpoints, no override"
1313,7,14,16.5,11.96947876468911,7.718315078075668,0.0,0.5531183573212665,0.2910589900304618,47.87791505875644,26.7,15.6,25.511,0.0564,0.8667,1,"baseline: scheduled setpoints, no override"
1314,7,14,16.75,11.787763936894338,7.5449934842263415,0.0,0.5447251233758214,0.2910589900304618,47.15105574757735,26.7,15.6,25.633,0.0999,0.8667,1,"baseline: scheduled setpoints, no override"
1315,7,14,17.0,12.095957387059793,7.850674846777581,0.0,0.5472372109900343,0.2910589900304618,48.38382954823917,26.7,15.6,25.633,0.1101,0.8667,1,"baseline: scheduled setpoints, no override"
1316,7,14,17.25,3.2145008691647803,0.0,0.0,0.0,0.2910589900304618,12.858003476659121,26.7,15.6,26.506,0.2779,0.8,1,"baseline: scheduled setpoints, no override"
1317,7,14,17.5,8.851830031238512,5.070324755073951,0.0,0.5670044069997803,0.2910589900304618,35.40732012495405,26.7,15.6,26.15,0.2345,0.8,1,"baseline: scheduled setpoints, no override"
1318,7,14,17.75,8.65451853045067,4.898275726347124,0.0,0.5417419349387669,0.2910589900304618,34.61807412180268,26.7,15.6,25.798,0.1507,0.8667,1,"baseline: scheduled setpoints, no override"
1319,7,14,18.0,3.2145008691647803,0.0,0.0,0.0,0.2910589900304618,12.858003476659121,26.7,15.6,26.452,0.2555,0.8,1,"baseline: scheduled setpoints, no override"
1320,7,14,18.25,8.130224462941856,4.882423361857311,0.0,0.5486775609848413,0.3375279477154128,32.52089785176742,26.7,15.6,26.058,0.1853,0.8667,1,"baseline: scheduled setpoints, no override"
1321,7,14,18.5,7.800376661236536,4.650672389192891,0.0,0.5417419349387669,0.24635510811894581,31.201506644946143,26.7,15.6,25.653,0.0831,0.9333,1,"baseline: scheduled setpoints, no override"
1322,7,14,18.75,2.609740274674378,0.0,0.0,0.0,0.2481558702455081,10.438961098697511,26.7,15.6,26.159,0.157,0.8667,1,"baseline: scheduled setpoints, no override"
1323,7,14,19.0,5.971058175552127,3.011566574884952,0.0,0.33558550466406534,0.2623212410268212,23.884232702208507,26.7,15.6,26.12,0.1514,0.8667,0,"baseline: scheduled setpoints, no override"
1324,7,14,19.25,7.612286096247447,4.4286444365535935,0.0,0.5417419349387669,0.28031132526018754,30.449144384989786,26.7,15.6,25.646,0.0454,1.0,0,"baseline: scheduled setpoints, no override"
1325,7,14,19.5,5.118710747127591,1.5163974015734876,0.0,0.20615643027470157,0.26813901328740164,20.474842988510364,26.7,15.6,25.686,0.0242,1.0,0,"baseline: scheduled setpoints, no override"
1326,7,14,19.75,3.3961538687191615,0.0,0.0,0.0,0.26813901328740164,13.584615474876646,26.7,15.6,26.145,0.1062,0.9333,0,"baseline: scheduled setpoints, no override"
1327,7,14,20.0,6.502037355355105,2.770297981971878,0.0,0.33558550466406534,0.26813901328740164,26.00814942142042,26.7,15.6,25.914,0.0669,1.0,0,"baseline: scheduled setpoints, no override"
1328,7,14,20.25,6.549000783049025,2.817261409665798,0.0,0.33558550466406534,0.26813901328740164,26.1960031321961,26.7,15.6,25.588,-0.0035,1.0,0,"baseline: scheduled setpoints, no override"
1329,7,14,20.5,3.3961538687191615,0.0,0.0,0.0,0.26813901328740164,13.584615474876646,26.7,15.6,25.873,0.0358,1.0,0,"baseline: scheduled setpoints, no override"
1330,7,14,20.75,3.3961538687191615,0.0,0.0,0.0,0.26813901328740164,13.584615474876646,26.7,15.6,26.217,0.1044,1.0,0,"baseline: scheduled setpoints, no override"
1331,7,14,21.0,3.3961538687191615,0.0,0.0,0.0,0.26813901328740164,13.584615474876646,26.7,15.6,26.397,0.1465,1.0,0,"baseline: scheduled setpoints, no override"
1332,7,14,21.25,4.947043230212282,1.3733441607423962,0.0,0.17754520075072397,0.26813901328740164,19.788172920849128,26.7,15.6,26.168,0.1085,1.0,0,"baseline: scheduled setpoints, no override"
1333,7,14,21.5,4.988454642937967,1.414755573468081,0.0,0.17754520075072397,0.26813901328740164,19.953818571751867,26.7,15.6,25.916,0.0571,1.0,0,"baseline: scheduled setpoints, no override"
1334,7,14,21.75,3.3961538687191615,0.0,0.0,0.0,0.26813901328740164,13.584615474876646,26.7,15.6,26.035,0.0725,1.0,0,"baseline: scheduled setpoints, no override"
1335,7,14,22.0,3.3961538687191615,0.0,0.0,0.0,0.26813901328740164,13.584615474876646,26.7,15.6,26.215,0.1093,1.0,0,"baseline: scheduled setpoints, no override"
1336,7,14,22.25,3.3961538687191615,0.0,0.0,0.0,0.26813901328740164,13.584615474876646,26.7,15.6,26.313,0.1332,1.0,0,"baseline: scheduled setpoints, no override"
1337,7,14,22.5,3.3961538687191615,0.0,0.0,0.0,0.26813901328740164,13.584615474876646,26.7,15.6,26.33,0.14,1.0,0,"baseline: scheduled setpoints, no override"
1338,7,14,22.75,3.3961538687191615,0.0,0.0,0.0,0.26813901328740164,13.584615474876646,26.7,15.6,26.315,0.1388,1.0,0,"baseline: scheduled setpoints, no override"
1339,7,14,23.0,3.3961538687191615,0.0,0.0,0.0,0.26813901328740164,13.584615474876646,26.7,15.6,26.299,0.1349,1.0,0,"baseline: scheduled setpoints, no override"
1340,7,14,23.25,3.2193913687191618,0.0,0.0,0.0,0.26813901328740164,12.877565474876647,26.7,15.6,26.285,0.1302,1.0,0,"baseline: scheduled setpoints, no override"
1341,7,14,23.5,3.2193913687191618,0.0,0.0,0.0,0.26813901328740164,12.877565474876647,26.7,15.6,26.269,0.1248,1.0,0,"baseline: scheduled setpoints, no override"
1342,7,14,23.75,3.2193913687191618,0.0,0.0,0.0,0.26813901328740164,12.877565474876647,26.7,15.6,26.249,0.1186,1.0,0,"baseline: scheduled setpoints, no override"
1343,7,14,24.0,3.2193913687191618,0.0,0.0,0.0,0.26813901328740164,12.877565474876647,26.7,15.6,26.226,0.1116,1.0,0,"baseline: scheduled setpoints, no override"
